,officer,date,age,weapon,outcome,assignment,latlng,id
0,David M. Furmanski,1984-10-26,26,"(1, 'Gun')",1,Special Enforcement Bureau,"(34.1086311, -118.7660445)",SH2569401
1,Cecil Rhambo,1987-11-13,29,"(1, '')",2,Lynwood,"(33.8892144, -118.3228041)",SH0000001
2,Paul Tanaka,1988-03-08,21,"(0, '')",1,Lynwood,"(34.3871821, -118.1122679)",Unknown
3,Robert Thacker,1988-10-28,27,"(1, 'Gun')",1,Firestone,"(33.957252, -118.448591)",SH2422335
4,Cecil Rhambo,1988-12-20,27,"(1, '')",2,Narcotics Bureau,"(33.9525624, -118.2761258)",SH0000002
5,William Phelton,1989-04-11,50,"(1, '')",1,Lancaster,"(34.3871821, -118.1122679)",Unknown
6,Patrick Maxwell,1989-05-30,30,"(0, '')",1,Lennox,"(33.9164032, -118.3525748)",Unknown
7,Unknown,1989-06-17,20,"(2, '')",2,Lennox,,Unknown
8,Jason Mann,1990-03-01,32,"(0, '')",1,Lynwood,,100-7112/91-0351
9,Unknown,1990-07-04,21,"(1, 'Gun')",1,Firestone,"(33.989767, -118.2521176)",SH2422340
10,Liam Gallagher,1991-06-07,20,"(0, '')",2,Firestone,"(34.1495807, -118.1361989)",SH0523234
11,David Oliva,1991-06-30,28,"(0, '')",1,West Hollywood,"(34.0907706, -118.3518347)",SH0523232
12,Daniel K. Jackson,1991-07-29,22,"(1, 'Gun')",1,Norwalk - Narcotics Bureau,"(33.8189293, -118.168734)",SH0523240
13,Jason Mann,1991-08-03,19,"(0, '')",1,East Los Angeles,"(34.0586224, -118.1947944)",Unknown
14,Bruce J. Jacquez,1991-08-15,22,"(0, '')",0,Lomita - off duty,"(33.7990216, -118.1220703)",SH0523244
15,Michael E. Staley,1991-09-02,28,"(1, 'Gun')",1,Carson,"(34.3871821, -118.1122679)",SH0523256
16,Ruben Naranjo,1991-10-03,35,"(1, 'Gun')",1,Lakewood,"(33.8862256, -118.1729449)",SH0523200
17,Daniel Adlai Natkan,1991-10-06,41,"(0, '')",2,Firestone,"(33.968903, -118.2499421)",SH0523201
18,Michael Claus,1991-10-26,34,"(1, 'Gun')",0,Special Enforcement Bureau,"(33.8706237, -118.1969392)",SH0523199
19,Thomas Halstead,1991-11-23,28,"(1, 'Gun')",0,West Hollywood,"(34.0768734, -118.3629105)",SH523004
20,Thomas Halstead,1991-11-23,18,"(1, 'Gun')",0,West Hollywood,"(34.0768734, -118.3629105)",SH523004
21,Richard Biddle,1991-11-25,27,"(2, '')",2,Lakewood,,SH0523207
22,Guy Earl,1991-11-27,27,"(1, 'Gun')",1,West Hollywood,"(34.0813573, -118.3832218)",SH0523005
23,Scott Seeman,1991-11-29,19,"(1, 'Baton')",2,Santa Clarita,"(34.4360063, -118.5352933)",SH0523210
24,Gerald Vane Pillen,1991-12-16,22,"(0, '')",2,Lakewood,"(33.878242, -118.1774202)",SH0523212
25,Richard Ben Orosco,1992-02-27,31,"(1, 'Knife')",2,Norwalk,"(33.9106237, -118.0190607)",SH0523213
26,Unknown,1992-05-29,25,"(1, 'Gun')",2,Firestone,"(33.9678209, -118.1862695)",SH0523146
27,Daniel Nathan,1992-05-31,18,"(0, '')",2,Firestone,"(33.9745764, -118.2497563)",SH0523225
28,Daniel Nathan,1992-05-31,19,"(0, '')",2,Firestone,"(33.9745764, -118.2497563)",SH0523225
29,Daniel Nathan,1992-05-31,20,"(0, '')",2,Firestone,"(33.9745764, -118.2497563)",SH0523225
30,Daniel Nathan,1992-05-31,29,"(0, '')",2,Firestone,"(33.9745764, -118.2497563)",SH0523225
31,Daniel Nathan,1992-05-31,18,"(0, '')",2,Firestone,"(33.9745764, -118.2497563)",SH0523225
32,Steven Winter,1992-06-18,33,"(1, 'Gun')",2,Transit Services Bureau,,SH0523228
33,Jeffrey Hardt,1992-08-22,25,"(1, 'Wooden Post')",2,Temple,"(34.0736028, -118.0684896)",SH0523019
34,Trent Denison,1992-08-24,23,"(1, 'Gun')",0,Industry,"(34.0116382, -117.9259946)",SH0523248
35,Trent Denison,1992-08-24,22,"(1, 'Gun')",0,Industry,"(34.0116382, -117.9259946)",SH0523248
36,Jonathan White,1992-08-24,18,"(1, 'Gun')",2,Antelope Valley,"(34.6781507, -118.097855)",SH0523249
37,James Lopez,1992-09-17,22,"(0, '')",2,Lakewood - Narcotics,"(33.8748296, -118.1250286)",SH0523027
38,Darren Keith Hager,1992-09-23,22,"(0, '')",2,Antelope Valley - Narcotics Crew,"(34.6153063, -118.1499642)",SH0523025
39,Gary R. Spencer,1992-10-02,61,"(1, 'Gun')",1,Narcotics Bureau,"(34.0821099, -118.9201109)",SH0523007
40,Timothy Robarge,1992-10-14,24,"(1, 'Gun')",2,Lakewood,"(33.8987999, -118.1797073)",SH0523029
41,David A. Dolson,1992-10-17,25,"(1, 'Gun')",2,Lennox,"(33.9412555, -118.2919286)",SH0523018
42,Angus Ferguson,1992-11-14,26,"(0, '')",1,Lennox,"(33.9019764, -118.3047841)",SH0523020
43,David M. Carver,1992-11-17,49,"(1, 'Gun')",1,Firestone,"(33.972977, -118.2311998)",SH0523016
44,Thomas Gibson,1992-11-24,25,"(1, 'Knife')",1,East Los Angeles,"(34.3871821, -118.1122679)",SH0523023
45,David M. Willard,1992-11-26,39,"(0, '')",2,Crescenta,"(34.3871821, -118.1122679)",SH523014
46,Brian Torsney,1992-12-05,21,"(1, 'Knife')",1,Antelope Valley,"(34.5866814, -118.1208832)",SH0523026
47,Salvador Velasquez,1993-01-13,40,"(1, 'Gun')",1,Special Enforcement Bureau,"(33.9044116, -118.1969641)",SH0523034
48,David M. Joyce,1993-01-22,19,"(0, '')",2,Norwalk,"(33.8912349, -118.0903246)",SH2006241
49,Gary L. Brody,1993-03-25,38,"(1, 'Gun')",1,Antelope Valley Station,"(34.561221, -118.0333762)",SH0523042
50,Richard Godfrey,1993-03-27,31,"(1, 'Gun')",2,Lennox,"(33.9461169, -118.3549254)",SH0523013
51,Michael Irving,1993-04-04,19,"(1, 'Gun')",1,Lynwood,"(33.9080951, -118.1828971)",SH523040
52,Christopher Adam Ellison,1993-05-08,27,"(0, '')",2,Firestone,"(33.9563293, -118.2473898)",SH0523037
53,Christopher Adam Ellison,1993-05-08,30,"(1, 'Gun')",1,Firestone,"(33.9563293, -118.2473898)",SH0523037
54,Morris,1993-06-04,Unknown,"(1, 'Gun')",1,Narcotics Bureau,"(34.0591544, -118.2454525)",SH0523032
55,Demilio,1993-06-04,Unknown,"(1, 'Gun')",1,Narcotics Bureau,"(34.0591544, -118.2454525)",SH0523032
56,Craig Husbands,1993-06-24,38,"(1, 'Gun')",1,Crescenta Valley - Narcotics,"(34.1903377, -118.1493451)",SH0523038
57,Craig Husbands,1993-06-24,34,"(1, 'Gun')",1,Crescenta Valley - Narcotics,"(34.1903377, -118.1493451)",SH0523038
58,Joseph O'Connor,1993-06-26,16,"(1, 'Gun')",1,Unknown,"(33.9485033, -118.3087006)",SH523044
59,Eliezer Vera,1993-07-04,18,"(1, 'Gun')",2,Lynwood,"(33.9295878, -118.2088138)",SH2556390
60,William Bartlett,1993-07-09,21,"(1, 'Gun')",2,Carson,"(33.9154925, -118.2674471)",SH0523045
61,Dennis Miller,1993-08-02,23,"(1, 'Gun ')",0,Industry Station,"(34.0337103, -117.9585854)",SH0523058
62,Dennis Miller,1993-08-02,23,"(1, 'Gun')",0,Industry Station,"(34.0337103, -117.9585854)",SH0523058
63,Edward G. Everett,1993-08-31,26,"(1, 'Knife')",0,Lennox,"(33.9221162, -118.3142278)",SH0523048
64,Edward G. Everett,1993-08-31,Unknown,"(0, '')",0,Lennox,"(33.9221162, -118.3142278)",SH0523048
65,Darren Keith Hager,1993-09-02,49,"(1, 'Gun')",0,Antelope Valley,"(34.6812208, -118.1503254)",SH0523151
66,Darren Keith Hager,1993-10-03,32,"(1, 'Gun')",0,Antelope Valley,"(34.6883924, -118.164015)",SH0523152
67,Darren Keith Hager,1993-10-03,18,"(1, 'Gun')",0,Antelope Valley,"(34.6883924, -118.164015)",SH0523152
68,Unknown,1993-11-07,18,"(1, 'Gun')",0,Century,"(33.8690066, -118.1713943)",SH0523148
69,Charles Prescott,1993-11-08,23,"(1, 'Gun')",0,Temple,"(34.0546654, -118.0951194)",SH0523055
70,Charles Prescott,1993-11-08,18,"(1, 'Gun')",0,Temple,"(34.0546654, -118.0951194)",SH0523055
71,Charles Prescott,1993-11-08,18-25,"(1, 'Gun')",1,Temple,"(34.0546654, -118.0951194)",SH0523055
72,James C. Bald,1993-11-09,21,"(1, 'Gun')",2,Operation Safe Streets,"(33.9188096, -118.2595026)",SH0523052
73,Arthur Escamillas,1993-11-15,24,"(1, 'Gun')",1,Century,"(33.9832848, -118.2564521)",SH0523041
74,Robert F. Windrim,1993-12-01,24,"(0, '')",0,Carson - Operation Safe Streets,"(33.8472864, -118.2379323)",SH0523150
75,Corry Cline,1993-12-25,28,"(1, 'Gun')",2,Santa Clarita,"(34.7564516, -118.796584)",SH0523053
76,Edward G. Everett,1994-01-19,23,"(1, 'Gun')",2,Lennox,"(33.9461455, -118.2921859)",SH0523065
77,Garcia,1994-02-16,Unknown,"(1, 'Gun')",2,Multi-Jurisdictional Criminal Apprehension Detail (MCAD),"(33.8204565, -118.3086524)",SH0523066
78,Unknown,1994-02-27,52,"(1, 'Gun')",1,Firestone,"(33.950495, -118.2542478)",SH0523068
79,Darrel Airhart,1994-03-04,44,"(1, 'Gun')",1,Special Enforcement Bureau,"(33.8708362, -118.0748902)",SH0523072
80,Allen Harris,1994-03-06,18,"(1, 'Gun')",0,Carson - Safe Streets Bureau,"(34.1241028, -118.4642107)",SH0523259
81,Michael James Rothans,1994-03-31,Unknown,"(1, 'Gun')",0,Narcotics Bureau,"(33.9192735, -118.3091698)",SH0523067
82,Unknown,1994-04-07,Unknown,"(1, 'BB Gun')",0,Century Station,"(33.9846214, -118.2561473)",SH2566746
83,Raye Morales,1994-06-27,21-22,"(1, 'Gun')",1,Industry Station/Field Operations Region III,"(34.3871821, -118.1122679)",SH0523076
84,Mitchell Hodrick,1994-08-18,Unknown,"(1, 'Gun')",0,Lennox,"(33.9388059, -118.3443742)",SH0523078
85,Sean C. Hoodye,1994-08-26,25,"(0, '')",1,Inmate Reception Center,"(34.0526555, -118.2182574)",SH0523083
86,Scott Orr,1994-09-10,25,"(1, 'Gun')",1,Carson,"(33.8316745, -118.281693)",SH0523079
87,Benny Hollowell,1994-10-16,Unknown,"(0, '')",0,Unknown,"(33.9608218, -118.1696671)",SH0523162
88,Eliezer Vera,1994-10-26,19,"(0, '')",0,Century,"(33.923592, -118.2037242)",SH523089
89,Eliezer Vera,1994-10-26,20,"(1, 'Gun')",0,Century,"(33.923592, -118.2037242)",SH523089
90,Richard Schlegel,1994-10-28,26,"(0, '')",0,Lennox,"(34.3871821, -118.1122679)",SH0523160
91,Richard Schlegel,1994-10-28,21,"(0, '')",0,Lennox,"(34.3871821, -118.1122679)",SH0523160
92,Gregg Hopping,1994-11-02,27,"(1, 'Knife')",1,Temple,"(34.1209243, -117.9910271)",SH0523085
93,"Ernest ""Ernie Chavez",1994-11-05,27,"(0, '')",1,Century,"(33.9669506, -118.2248164)",SH0523090
94,Lawrence Adams,1994-12-05,24,"(1, 'Gun')",1,Industry,"(33.9940836, -117.9235077)",SH0523093
95,Gregory Gabriel,1994-12-18,30,"(0, '')",1,La Crescenta,"(34.21598, -118.239961)",SH0523069
96,Jeffrey Perry,1995-01-03,22,"(0, '')",0,Century,"(34.0462121, -118.4439236)",SH1070393
97,Lauren Brown,1995-01-11,25,"(1, 'Gun')",2,Antelope Valley,"(34.69299050000001, -118.1657639)",SH0523097
98,Unknown,1995-02-05,23,"(1, 'Gun')",2,Unknown,"(33.9372516, -118.2578244)",SH0523102
99,Bruce D. Chase,1995-02-21,19,"(1, 'Gun')",2,Century,"(33.928494, -118.2108969)",SH0523104
100,Daniel Ross,1995-02-27,Unknown,"(1, 'Gun')",2,Temple,"(34.1245195, -117.9956471)",SH0523103
101,Richard A. Ellis,1995-03-18,22,"(1, 'Gun')",0,Crescenta Valley,"(34.1832116, -118.1457365)",SH0523167
102,Boskovic,1995-03-28,Unknown,"(1, 'Gun')",1,Pico Rivera,"(33.9534154, -118.1300861)",SH0523101
103,Eliezer Vera,1995-04-20,30,"(1, 'Gun')",0,Century,"(33.9048781, -118.2248846)",SH523189
104,Miguel A. Macedo,1995-06-05,20,"(1, 'Gun')",0,East Los Angeles,"(34.0581913, -118.1739575)",SH0523176
105,Nicholas Rampone,1995-06-06,23,"(0, '')",1,Lakewood,"(33.8677729, -118.0477034)",SH0523123
106,Raymond Bernasconi,1995-06-29,24,"(1, 'Gun')",2,Court Services Division West Bureau,"(33.7423936, -118.2879105)",SH0523095
107,Frank Trabbie,1995-08-11,20,"(0, '')",0,Temple,"(33.864717, -118.30259)",SH0523177
108,Wayne Stricklin,1995-08-13,25,"(1, 'Gun')",1,Walnut,"(34.1001348, -117.8576553)",SH0523116
109,Christopher Adam Ellison,1995-09-06,20,"(1, 'Gun')",0,Crescenta Valley,"(34.3432173, -118.3607199)",SH0523171
110,Marcus Hershey,1995-09-12,22,"(0, '')",0,West Hollywood,"(34.0914302, -118.3659477)",SH0523175
111,Steven Newman,1995-09-25,23,"(0, '')",2,Carson,"(33.7808105, -118.3098387)",SH0523105
112,Daniel Batanero,1995-10-07,40,"(1, 'Gun')",2,East Los Angeles,"(34.0405995, -118.1670319)",SH0523119
113,Eliezer Vera,1995-11-03,32,"(1, 'Gun')",0,Century,"(33.9273128, -118.2105195)",SH523181
114,Bruce D. Chase,1995-11-27,19,"(1, 'Gun')",2,Century,"(33.9260011, -118.2362911)",SH0523129
115,Bruce D. Chase,1995-11-27,25,"(1, 'Gun')",0,Century,"(33.9260011, -118.2362911)",SH0523129
116,Thomas E. Dobis,1995-12-03,25,"(1, 'Gun')",2,Lakewood,"(33.9623669, -118.2001327)",SH0523130
117,Edward G. Everett,1996-01-07,57,"(1, 'Gun')",1,Lennox,"(33.9409915, -118.3631961)",SH0523133
118,Todd Kocisko,1996-02-02,46,"(1, 'Gun')",2,Century,"(33.9601093, -118.2539967)",SH0523134
119,Daniel Batanero,1996-03-22,19,"(1, 'Gun')",1,East Los Angeles,"(34.02014500000001, -118.1651083)",SH0523135
120,Francis Espeleta,1996-04-06,Unknown,"(1, 'Gun')",1,Century,"(33.9319599, -118.2484059)",SH0523139
121,Joseph Acevedo,1996-05-17,57,"(1, 'Gun')",1,Lennox,"(33.9418179, -118.3613531)",SH0523138
122,Crystal Miranda,1996-05-27,Unknown,"(0, '')",0,Century,"(33.9074517, -118.2674208)",SH1067942
123,Crystal Miranda,1996-05-27,22,"(1, 'Gun')",0,Century,"(33.9074517, -118.2674208)",SH1067942
124,Allen Mullins,1996-08-02,30,"(1, 'Gun')",0,Lancaster,"(34.6930732, -118.1303457)",SH1120330
125,Charles Fallon,1996-08-13,27,"(1, 'Gun')",1,Safe Streets Bureau/OSS/industry Station,"(34.034865, -117.9745698)",SH1069634
126,David Busk,1996-09-17,Unknown,"(1, 'Gun')",2,Crescenta Valley - Narcotics,"(34.0679377, -118.8074777)",SH1205152
127,David Busk,1996-09-17,Unknown,"(0, '')",0,Crescenta Valley - Narcotics,"(34.0679377, -118.8074777)",SH1205152
128,Joseph John Miskevics,1996-09-24,48,"(1, 'Gun')",2,Lynwood,"(33.9532805, -118.2396828)",SH0523086
129,James Bush,1996-10-02,27,"(0, '')",0,Crescenta Valley,"(34.2235429, -118.2432701)",SH1150533
130,Florentino Madrid,1996-11-19,50,"(1, 'Knife')",1,Walnut,"(33.98679, -117.8234178)",SH1180651
131,Unknown,1996-11-30,26,"(1, 'Gun')",2,Lennox,"(33.8563408, -118.0704593)",SH1198242
132,Russell Stover,1997-01-01,21,"(1, 'Gun')",2,Palmdale,,SH1204950
133,Dennis A. Clark Jr.,1997-01-01,26,"(1, 'Gun')",2,Norwalk,"(33.9487271, -118.0416267)",SH1197241
134,Phillip Marquez,1997-01-03,23,"(2, '')",0,Century,"(33.9130577, -118.2015544)",SH1139436
135,Phillip Marquez,1997-01-03,19,"(2, '')",2,Century,"(33.9130577, -118.2015544)",SH1139436
136,Phillip Marquez,1997-01-03,22,"(2, '')",2,Century,"(33.9130577, -118.2015544)",SH1139436
137,Keith Wall,1997-01-25,21,"(1, 'Gun')",0,Industry,"(34.053813, -117.9611779)",SH1141025
138,Millette,1997-02-18,Unknown,"(1, 'Gun')",0,Century,"(33.9609867, -118.2418082)",SH1076024
139,Unknown,1997-03-08,35,"(1, 'Knife')",1,Lancaster,"(34.5823792, -118.1372255)",SH1025440
140,Aaron Maready,1997-03-21,34,"(0, '')",1,Century Station COPS team,"(33.9301812, -118.2109489)",SH1033665
141,Richard Pfeiffer,1997-04-24,Unknown,"(1, 'Gun')",2,"Century Station Detective Bureau, Auto Theft Detail","(33.9577979, -118.2311036)",SH1053766
142,Frank Jinright,1997-05-14,42,"(1, 'Gun')",2,Lancaster,"(34.6921938, -118.1053389)",SH1072778
143,Clarence G. Gallegos,1997-06-11,39,"(1, 'Gun')",1,Pico Rivera,"(33.9747789, -118.1128033)",SH1084850
144,Richard Engles,1997-06-27,Unknown,"(1, 'Gun')",1,Lancaster - Resident Deputy. Little Rock,"(34.5137767, -117.9924726)",SH1094942
145,Joseph McCleary,1997-07-07,38,"(1, 'Knife')",1,East Los Angeles,"(34.0014517, -118.1631332)",SH1100855
146,Jonathan Aujay,1997-07-22,30,"(1, 'Gun')",1,Lancaster K-9 Unit,"(34.0228346, -118.4101729)",SH1108529
147,John Donaldson,1997-07-27,32,"(1, 'Knife')",1,Temple,"(33.7474691, -118.3738737)",SH1110967
148,Corey Fletcher,1997-09-03,26,"(1, 'Gun')",1,Lakewood,"(33.8757286, -118.0805664)",SH1132696
149,Ralph Ruedas,1997-09-11,29,"(1, 'Gun')",2,Pico Rivera - Safe Streets Bureau,"(33.9615417, -118.1109402)",SH1138000
150,Jenny Bethune,1997-11-16,28,"(1, 'Gun')",2,Century,"(33.7793128, -118.1486274)",SH1172598
151,Sean Van Leeuwen,1997-12-09,18,"(1, 'Gun')",2,East Los Angeles Station,"(34.045915, -118.1823226)",SH1184392
152,Sean Van Leeuwen,1997-12-09,18,"(1, 'Gun')",0,East Los Angeles Station,"(34.045915, -118.1823226)",SH1184392
153,John Hocking,1997-12-11,20,"(1, 'Gun')",0,Carson,"(33.8465914, -118.2237867)",SH1185629
154,Michael Winter,1997-12-25,Unknown,"(1, 'Gun')",2,Century,"(34.0919665, -118.3024909)",SH1188991
155,Curt Messerschmidt,1998-03-27,39,"(1, 'Gun')",1,Lennox,"(34.3871821, -118.1122679)",SH1203201
156,Robert Farkas,1998-04-25,32,"(1, 'Gun')",1,Palmdale,,SH1208071
157,Matthew C. Rodriguez,1998-05-26,Unknown,"(0, '')",2,Recruit Training Bureau,,SH1211915
158,Mark Kocisko,1998-06-14,19,"(0, '')",0,Century,"(33.9124647, -118.1952023)",SH1214373
159,Hector Velasquez,1998-07-09,24,"(1, 'Gun')",0,Industry - Roving G.E.T. Team,"(34.0123285, -117.9087728)",SH1218403
160,Unknown,1998-08-31,32,"(1, 'Gun')",2,Century,"(33.9147975, -118.2091548)",SH1225031
161,William Wicker,1998-09-08,19,"(0, '')",0,Century - COPS Team,"(33.9235262, -118.2052303)",SH1226479
162,William Wicker,1998-09-08,Unknown,"(1, 'Gun')",2,Century - COPS Team,"(33.9235262, -118.2052303)",SH1226479
163,Timothy Phillips,1998-10-04,15,"(0, '')",0,East Los Angeles,"(34.014819, -118.1629994)",SH1229491
164,Timothy Phillips,1998-10-04,16,"(1, 'Gun')",0,East Los Angeles,"(34.014819, -118.1629994)",SH1229491
165,Javier Valencia,1998-10-27,19,"(0, '')",0,Century,"(33.9723046, -118.2519094)",SH1232466
166,Javier Valencia,1998-10-27,29,"(1, 'Gun')",0,Century,"(33.9723046, -118.2519094)",SH1232466
167,Jeffrey Coates,1998-11-20,18,"(1, 'Gun')",1,Lennox,"(33.9309143, -118.2979)",SH1235781
168,Martin Klaus,1998-11-24,31,"(0, '')",1,Lakewood,"(34.3871821, -118.1122679)",SH1236001
169,Michael Voge,1998-11-25,35,"(1, 'Gun')",1,Lancaster - Gang Unit,"(34.6749512, -118.1523958)",SH1236071
170,Mario Castro,1998-11-27,18,"(1, 'Gun')",0,East Los Angeles,"(34.011363, -118.1604956)",SH1236005
171,Alfonso Garcia,1999-01-10,16,"(0, '')",1,Century,"(33.9217052, -118.2013923)",SH1240801
172,Sean C. Hoodye,1999-01-16,19,"(1, 'Gun')",1,Lennox,"(33.95793020000001, -118.2918057)",SH1241435
173,Kenneth Scheum,1999-01-16,48,"(1, 'scissors')",1,Lost Hills,"(33.7894857, -118.3112456)",SH1241431
174,Robert Knudson,1999-02-09,32,"(0, '')",2,West Hollywood - Narcotics Bureau,"(34.1678639, -118.584778)",SH1244281
175,William Farrell,1999-02-18,25,"(1, 'Gun')",2,Carson,"(33.7649231, -118.3010184)",SH1245301
176,John Guerrero,1999-02-23,35,"(1, 'Knife')",1,East Los Angeles,"(34.0215966, -118.1517073)",SH1246521
177,Morrie Zager,1999-04-21,26,"(1, 'Gun')",1,Special Enforcement Bureau,"(34.0387536, -118.0823213)",SH1251919
178,Michael Wilber,1999-06-29,32,"(1, 'Gun')",1,Special Enforcement Bureau,"(34.0089242, -118.2228687)",SH1259831
179,Partick Nelson,1999-06-30,42,"(1, 'Gun')",0,Lancaster - Narcotics,"(34.6106352, -118.2477453)",SH1260001
180,Kenneth R. Fontanilla,1999-07-10,23,"(1, 'Gun')",2,Lennox,"(33.945391, -118.3591412)",SH1260541
181,Michael Joyce,1999-07-18,20,"(1, 'Gun')",2,Lakewood,"(33.8789068, -118.0769856)",SH1261521
182,Bruce A. Strelow,1999-07-28,24,"(1, 'Gun')",0,East Los Angeles - COPS team,"(34.0559794, -118.1770584)",SH1263371
183,Bruce A. Strelow,1999-07-28,28,"(1, 'Gun')",0,East Los Angeles - COPS team,"(34.0559794, -118.1770584)",SH1263371
184,Sean Klenin,1999-08-07,34,"(1, 'Gun')",1,Norwalk,"(33.9022639, -118.0612153)",SH1263871
185,Michael D. Galvan,1999-08-11,36,"(1, 'Gun')",2,Pico Rivera - COPS team,"(33.9281759, -118.1295429)",SH1264292
186,Mario Jimenez,1999-08-25,Unknown,"(1, 'Gun')",1,Lennox,"(33.9612485, -118.2916045)",SH1265451
187,Terance Holden,1999-10-12,37,"(1, 'Knife, hatchet')",1,West Hollywood,"(34.0928472, -118.379064)",SH1271471
188,Timothy Phillips,1999-10-27,19,"(1, 'Gun')",2,East Los Angeles - Special Problems Enforcement Team,"(34.0163163, -118.1446402)",SH1273723
189,Joe L. Ochoa,1999-11-22,44,"(1, 'Gun')",1,East Los Angeles,"(32.2676451, -109.231934)",SH2000944
190,Victor J. Naranjo,1999-12-25,34,"(1, 'Gun')",1,Pico Rivera,"(33.983307, -118.070586)",SH1045155
191,Philip Hansen,2000-02-06,25,"(1, 'Gun')",1,Special Enforcement Bureau,"(34.0053248, -118.0731012)",SH2005203
192,David Holwager,2000-02-08,50,"(0, '')",1,Crescenta Valley,"(34.2111445, -118.2321557)",SH2005084
193,Unknown,2000-02-18,20,"(0, '')",1,Unknown,"(33.9873833, -118.4540242)",Unknown
194,Jeffrey Riggins,2000-02-29,18,"(1, 'Gun')",0,Special Enforcement Bureau,"(33.8261093, -118.1837781)",SH2006926
195,Francis Ruiz,2000-04-26,17,"(1, 'Gun')",1,Marina Del Rey,"(34.0012138, -118.3332449)",SH2010762
196,Steven Velasquez,2000-05-21,34,"(1, 'Knife')",1,East Los Angeles,"(34.0321951, -118.1469571)",SH2013164
197,Carlos Parga,2000-06-13,29,"(1, 'Gun')",2,Community Oriented Multi-agency Narcotics Enforcement Task Force (COMNET),"(34.085425, -118.0344978)",SH2014835
198,Michael Yocum,2000-07-07,35,"(0, '')",1,Century,"(33.91852, -118.202442)",SH2015757
199,Ron Miranda,2000-07-20,58,"(1, 'Gun')",1,Century,"(33.8548762, -118.2417708)",SH2016325
200,Louis Suazo,2000-08-07,25,"(0, '')",0,Carson,"(33.8305075, -118.2777847)",SH2017524
201,Richard Hirsch,2000-08-13,36,"(0, '')",1,Temple,"(34.0767102, -118.0730452)",SH2017863
202,Unknown,2000-08-13,23,"(2, '')",1,Unknown,"(33.9030102, -118.3206461)",Unknown
203,Thomas Carter,2000-08-25,47,"(1, 'Machete')",1,Lancaster,"(34.6867055, -118.1506442)",SH2018726
204,Alan Healy,2000-08-29,46,"(1, 'Gun')",1,Norwalk,"(33.9170775, -118.0699729)",SH2018833
205,Eliezer Vera,2000-09-04,29,"(1, 'Gun')",2,Century,"(34.3871821, -118.1122679)",SH2019284
206,Eliezer Vera,2000-09-04,22,"(1, 'Gun')",2,Century,"(34.3871821, -118.1122679)",SH2019284
207,Robert Chivas,2000-10-05,31,"(1, 'Knife')",2,Temple,"(34.0801073, -118.0646004)",SH2021648
208,Jeffrey Moore,2000-11-03,37,"(1, 'Gun')",1,Special Enforcement Bureau,"(34.1305487, -118.0693319)",SH2023136
209,Jonathan Melville,2000-11-18,36,"(1, 'Gun')",1,Santa Clarita Valley Station,"(34.438523, -118.405587)",SH2025381
210,Michael Austin,2000-11-21,18,"(1, 'Gun')",0,Carson,"(33.8913705, -118.2938919)",SH2026417
211,Robert Payne,2000-12-14,22,"(1, 'Knife')",1,Temple,"(34.0954474, -118.055924)",SH2025848
212,Noe Garcia,2000-12-31,23,"(0, '')",2,Century,"(33.9878788, -118.2530555)",SH2026781
213,William Farrell,2001-01-04,22,"(1, '')",2,Carson,"(33.8321281, -118.2961467)",SH2027107
214,Anthony Lazo,2001-01-22,34,"(0, '')",1,Century,"(33.9855525, -118.2480734)",SH2028178
215,Marcelo J. Sampedro,2001-01-22,26,"(2, '')",1,Century Station,"(33.9855864, -118.2473781)",SH2028178
216,Unknown,2001-02-08,28,"(2, '')",1,Unknown,"(33.9892234, -118.2325504)",Unknown
217,Joey Stoker,2001-02-11,38,"(0, '')",1,Lennox,"(33.9435929, -118.3087765)",SH2029390
218,Unknown,2001-02-18,43,"(2, '')",1,Unknown,"(33.9346971, -118.3001151)",Unknown
219,Albert Ortiz,2001-02-18,30,"(1, 'boxcutter')",1,Lennox,"(33.9346971, -118.3001151)",SH2029880
220,Michael Galvan,2001-03-06,Unknown,"(0, '')",0,Unknown,"(34.0190058, -118.0347181)",SH2007412
221,Adan Torres,2001-03-12,24,"(0, '')",2,Century,"(33.9861428, -118.252122)",SH2031317
222,Kamal Ahmad,2001-03-31,18,"(0, '')",0,Century,"(33.9857167, -118.2477516)",SH2032740
223,Kamal Ahmad,2001-03-31,20,"(1, 'Gun')",0,Century,"(33.9857167, -118.2477516)",SH2032740
224,Kamal Ahmad,2001-03-31,28,"(0, '')",0,Century,"(33.9857167, -118.2477516)",SH2032740
225,Keith Gibbons,2001-04-02,56,"(0, '')",0,Crescenta Valley,"(34.2215414, -118.2307484)",SH2033094
226,Jason Diplock,2001-04-03,29,"(2, '')",1,Unknown,"(34.1495807, -118.1361989)",SH2033090
227,Rick O'Neill Rector,2001-04-18,34,"(1, 'Knife')",1,Special Enforcement Bureau,"(33.8741773, -118.1501426)",SH2033946
228,Fray Lupian,2001-05-09,45,"(1, 'Gun')",1,Lost Hills,"(34.1355278, -118.6448505)",SH2035583
229,Mark Sunagawa,2001-05-13,29,"(1, 'Knife')",1,Lennox,"(33.923878, -118.3562955)",SH2035601
230,Clarence G. Gallegos,2001-06-21,38,"(1, 'Gun')",1,Special Enforcement Bureau,"(34.3871821, -118.1122679)",SH2038321
231,Unknown,2001-07-16,25,"(2, '')",1,Unknown,"(34.095079, -118.3654722)",Unknown
232,Adan Torres,2001-07-31,28,"(0, '')",2,Century,"(33.9565353, -118.2564324)",SH2041496
233,Oscar Butao,2001-08-27,47,"(1, 'Knife')",1,Lakewood,"(33.9042891, -118.1581416)",SH2043906
234,Clarence G. Gallegos,2001-08-31,35,"(1, 'Gun')",1,Special Enforcement Bureau,"(34.386609, -118.6003364)",SH2044547
235,Joseph Vasquez,2001-09-14,22,"(0, '')",1,Lennox,"(33.8887519, -118.3556677)",SH2045400
236,Sean A. Heieck,2001-10-06,30,"(1, 'Gun')",1,Industry,"(34.0517393, -117.9997044)",SH2047138
237,Brian Walker,2001-11-01,28,"(1, 'Gun')",1,Walnut,"(34.001156, -117.8105272)",SH2051750
238,Angelica Vargas,2001-11-10,46,"(0, '')",1,Century,"(34.3871821, -118.1122679)",SH2049707
239,Angelica Vargas,2001-11-10,38,"(0, '')",1,Century,"(34.3871821, -118.1122679)",SH2049707
240,Unknown,2001-11-12,26,"(2, '')",1,Unknown,"(33.9650713, -118.2224247)",Unknown
241,Nicholas Budge,2001-11-18,18,"(1, 'Gun')",2,Temple,"(34.0636116, -118.0841894)",SH2051739
242,Unknown,2001-12-08,26,"(2, '')",1,Unknown,"(34.041074, -118.2438032)",Unknown
243,Robert Leyba,2001-12-31,47,"(0, '')",0,East Los Angeles,"(34.0082446, -118.0998536)",SH2053430
244,James J. North,2002-01-01,19,"(1, 'Gun')",1,Century,"(33.9228312, -118.1846665)",SH2053327
245,Marion Tucker,2002-02-18,19,"(1, 'Gun')",1,Palmdale,"(34.5744044, -117.9651487)",SH2057715
246,Robert Guilbault,2002-04-06,46,"(1, 'Gun')",2,Special Enforcement Bureau,"(34.3871821, -118.1122679)",SH2060706
247,Marc Lucio,2002-04-16,27,"(0, '')",1,Pico Rivera,"(33.9866064, -118.059857)",SH2061419
248,Richard McKaig,2002-04-28,26,"(1, 'Gun')",1,Century,"(33.9323272, -118.201821)",SH2062117
249,Michael Austin,2002-04-29,42,"(1, 'Axe')",1,Carson,"(33.8197949, -118.280773)",SH2062537
250,Unknown,2002-05-14,19,"(1, 'Gun')",2,Lennox,"(33.9381914, -118.3624527)",SH2063089
251,Robert Leyba,2002-05-31,24,"(1, 'Gun')",2,Temple,"(33.9971015, -118.1717376)",SH2064761
252,John Detreville,2002-06-14,29,"(1, 'Knife')",1,San Dimas,"(34.1065978, -117.8891746)",SH2065694
253,Regan Fitzgerald,2002-08-02,18,"(1, 'Gun')",0,Lennox,"(33.9175785, -118.29157)",SH2068762
254,Regan Fitzgerald,2002-08-02,21,"(1, 'Gun')",2,Lennox,"(33.9175785, -118.29157)",SH2068762
255,Gregory Kelly,2002-08-23,21,"(1, 'Gun')",1,Lancaster,"(34.6605082, -118.1033834)",SH2070458
256,John MacDonald,2002-09-01,32,"(1, 'Gun')",1,Century,"(33.9293382, -118.2390503)",SH2070675
257,Gerald Berry,2002-09-25,34,"(0, '')",0,Cerritos,"(33.8764495, -118.0358992)",SH2073206
258,Neil Thomas,2002-10-06,29,"(1, 'Gun')",0,Norwalk,"(33.9431113, -118.0464478)",SH2073636
259,Jason Bowley,2002-11-10,23,"(1, 'Gun')",1,Carson,"(33.8582436, -118.2660083)",SH2078688
260,Rick Manes,2002-11-20,40,"(0, '')",1,Littlerock,"(34.5395537, -117.9657353)",SH2076232
261,Regan Fitzgerald,2002-11-26,20,"(0, '')",2,Lennox,"(33.8771579, -118.3363406)",SH2076559
262,Unknown,2002-12-09,45,"(2, '')",1,Unknown,"(34.3871821, -118.1122679)",Unknown
263,Unknown,2002-12-14,44,"(2, '')",1,Unknown,"(34.0804873, -118.089666)",Unknown
264,Unknown,2003-01-07,19,"(1, 'Gun')",1,Temple,"(34.0358335, -118.0367225)",SH2079492
265,Sean Carrion,2003-01-25,63,"(1, 'Gun')",1,Compton,"(33.9168337, -118.3074187)",SH2080656
266,Allen Dollens,2003-01-28,25,"(1, 'Gun')",1,Safe Streets Bureau,"(33.8959318, -118.2029335)",SH2081149
267,Allen Dollens,2003-01-28,23,"(1, 'Gun')",1,Safe Streets Bureau,"(33.8959318, -118.2029335)",SH2081149
268,Unknown,2003-02-23,22,"(0, '')",1,Unknown,"(34.0699911, -118.027081)",Unknown
269,Unknown,2003-04-02,34,"(1, 'Gun')",1,Special Enforcement Bureau,"(34.1118788, -118.0106834)",SH2086464
270,Max Fernandez /,2003-04-04,27,"(0, '')",1,Compton,"(33.8956976, -118.2290892)",SH2085362
271,Unknown,2003-05-01,19,"(0, '')",2,Unknown,"(33.9904655, -118.255505)",SH2087112
272,Unknown,2003-05-01,20,"(0, '')",1,Unknown,"(33.9904655, -118.255505)",SH2087112
273,Brian Bishop,2003-05-08,29,"(0, '')",1,Norwalk,"(33.9271369, -118.0307305)",SH2087436
274,Anthony Baudino,2003-05-20,22,"(1, 'Gun')",2,Lennox,"(33.9211795, -118.291835)",SH2088731
275,Anthony Baudino,2003-05-20,20,"(1, 'Gun')",0,Lennox,"(33.9211795, -118.291835)",SH2088731
276,Steven Velasquez,2003-05-21,32,"(0, '')",0,East Los Angeles,"(33.9957861, -118.1484056)",SH2088921
277,Anthony Bowie,2003-05-27,27,"(1, 'Gun')",2,Compton,"(33.8968357, -118.2339022)",SH2088917
278,Unknown,2003-06-09,33,"(2, '')",1,Unknown,"(34.0789546, -117.7569403)",Unknown
279,Julio Martinez,2003-06-17,20,"(1, 'Gun')",0,Century,"(33.8550868, -118.1968493)",SH2090991
280,Joseph Valencia,2003-07-08,39,"(1, 'metal pipe')",1,Unknown,"(33.886637, -118.2523751)",SH2093009
281,Jack Demelo,2003-08-09,52,"(1, 'Gun')",1,Special Enforcement Bureau,"(34.5730586, -117.7971027)",SH2095119
282,Robert Heins,2003-08-20,18,"(1, 'Gun')",1,Safe Streets Bureau,"(34.5614185, -118.0667775)",SH2099405
283,Terrence Bell,2003-08-22,19,"(0, '')",1,Transit Services Bureau,"(33.9852247, -118.2564744)",SH2101474
284,William Zollo,2003-08-24,23,"(0, '')",1,Century,"(33.9185063, -118.2291886)",SH2099172
285,Unknown,2003-09-02,41,"(2, '')",1,Unknown,"(34.090071, -117.9579885)",Unknown
286,Unknown,2003-10-09,19,"(2, '')",1,Unknown,"(34.0814068, -117.9801149)",Unknown
287,Joseph Valencia,2003-10-18,20,"(0, '')",0,Compton,"(33.8978801, -118.2420951)",SH2101485
288,Troy Ewing,2003-11-11,33,"(0, '')",2,Narco/COMNET,"(34.125001, -117.9932686)",SH2103454
289,Troy Ewing,2003-11-11,27,"(0, '')",2,Narco/COMNET,"(34.125001, -117.9932686)",SH2103454
290,Thomas Mayberry,2003-11-13,18,"(1, 'Gun')",1,Safe Streets Bureau,"(33.9320039, -118.1933083)",SH2103334
291,Scott Gage,2003-11-13,26,"(1, 'Gun')",1,Compton,"(33.8963719, -118.1956526)",SH2104168
292,Bobby Lyons,2003-12-17,32,"(0, '')",2,Major Crimes Bureau,"(34.057505, -117.9118819)",SH2105975
293,Unknown,2004-01-05,22,"(1, 'Gun')",1,Compton,"(33.9093535, -118.208869)",SH2108825
294,Unknown,2004-01-05,24,"(1, 'Gun')",1,Compton,"(33.9093535, -118.208869)",SH2108825
295,Mark Wood,2004-01-21,21,"(1, 'Gun')",0,Santa Clarita Valley,"(34.4206666, -118.5641539)",SH2107430
296,Mark Wood,2004-01-21,20,"(1, 'Gun')",0,Santa Clarita Valley,"(34.4206666, -118.5641539)",SH2107430
297,Regan Fitzgerald,2004-02-02,33,"(1, 'Gun')",1,Lennox,"(33.9469864, -118.308971)",SH2108254
298,James Beamon,2004-02-03,37,"(1, 'Gun')",2,Industry,"(34.0164779, -117.9112123)",SH2086434
299,Timothy Alsky,2004-02-06,28,"(1, 'Gun')",2,Carson,"(33.8983538, -118.2106084)",SH2108758
300,Noe Garcia,2004-02-23,18,"(0, '')",0,Century,"(34.0255335, -118.332635)",SH2110176
301,Salvador Munoz,2004-02-27,24,"(0, '')",0,Operation Safe Streets Bureau,"(33.9189984, -118.0925966)",SH2111823
302,Salvador Munoz,2004-02-27,27,"(1, 'Gun')",2,Operation Safe Streets Bureau,"(33.9189984, -118.0925966)",SH2111823
303,Michael Mileski,2004-03-05,56,"(0, '')",0,Unknown,"(33.9036228, -118.0873538)",SH2112508
304,Michael Mileski,2004-03-05,49,"(1, 'Pellet Gun')",1,Unknown,"(33.9036228, -118.0873538)",SH2112508
305,Gerald Plent,2004-03-16,34,"(1, 'Gun')",0,Special Enforcement Bureau,"(34.0743011, -117.9390025)",SH2113634
306,Mark Schultz,2004-03-18,26,"(1, 'Gun')",2,Century - Gang Enforcement Team (GET),"(33.89224859999999, -118.2600631)",SH2114392
307,Tina Kelley,2004-03-29,39,"(0, '')",2,Transit Services Bureau,"(34.072424, -118.0996166)",SH2114412
308,Kevin Berger,2004-03-31,31,"(1, 'Gun')",1,Lomita,"(33.8426616, -118.2989274)",SH2114924
309,Daniel Dail,2004-04-09,25,"(1, 'Gun')",1,Transit Services Bureau,"(33.925057, -118.2932456)",SH2114941
310,Donald Wyman,2004-04-20,39,"(0, '')",2,Santa Clarita Valley - Career Offender Burglary Robbery Apprehension Team,"(34.4113695, -118.55764)",SH2116540
311,Carlos Jaen,2004-04-21,22,"(1, 'Gun ')",2,Transit Services Bureau,"(33.8319466, -118.2726726)",SH2118458
312,Anthony Willis,2004-04-23,43,"(0, '')",1,Compton,"(33.8963758, -118.225022)",SH2116212
313,Dennis Missel,2004-04-24,22,"(1, 'Gun ')",2,Century,"(33.9351343, -118.2379839)",SH2116404
314,Christopher Deaville,2004-05-05,63,"(1, 'Knife')",1,Lancaster,"(34.70063, -118.1205068)",SH2117965
315,Steven Lespron,2004-05-05,25,"(1, 'Gun')",1,Lennox,"(33.9440985, -118.2962315)",SH2117436
316,Richard Conley,2004-05-20,22,"(1, 'Gun')",2,Century,"(33.9145087, -118.2049413)",SH2119005
317,Neil Kimball,2004-06-08,Unknown,"(1, 'Gun')",0,Century,"(33.9096333, -118.2164055)",SH2120423
318,Neil Kimball,2004-06-08,Unknown,"(1, 'Gun')",0,Century,"(33.9096333, -118.2164055)",SH2120423
319,Michael Arruda,2004-06-09,51,"(1, 'Pellet Gun')",1,Industry,"(34.3871821, -118.1122679)",SH2121392
320,Michael Arruda,2004-06-09,35,"(1, 'Gun ')",1,Industry,"(34.3871821, -118.1122679)",SH2121392
321,Joseph Valencia,2004-07-12,24,"(1, 'Gun')",0,Compton,"(33.8836254, -118.2232224)",SH2130216
322,David Joyce,2004-07-18,27,"(0, '')",2,Lakewood,"(33.8405916, -118.1611317)",SH2123975
323,Unknown,2004-07-19,19,"(2, '')",1,Unknown,"(34.0748641, -118.0907211)",Unknown
324,James Ponsford,2004-08-01,21,"(0, '')",2,Century,"(33.9135697, -118.1899607)",SH2124993
325,Anthony Geisbauer,2004-08-13,24,"(1, 'Gun')",1,Century,"(34.0009288, -118.2424495)",SH2126128
326,Luis  Ortiz,2004-08-19,23,"(1, 'Gun')",1,Safe Streets Bureau,"(34.0010943, -118.2431005)",SH2126728
327,Richard Canfield,2004-08-24,29,"(1, 'board')",1,Pico Rivera,"(33.9820625, -118.1054067)",SH2126769
328,Anthony Forlano,2004-09-12,25,"(0, '')",2,Compton,"(33.8958665, -118.2441469)",SH2128169
329,Anthony Forlano,2004-11-23,28,"(1, 'Gun')",0,Compton,"(33.8924032, -118.2013694)",SH2133512
330,Robert Shaw,2004-12-10,Unknown,"(1, 'Gun')",0,San Dimas,"(34.1068056, -117.9075974)",SH2134904
331,Alan Bash,2005-01-05,48,"(1, 'Spear')",1,Temple,"(34.0367927, -118.0771309)",SH2136291
332,Armando Arevalo,2005-01-05,18,"(0, '')",0,Carson,"(33.8332489, -118.2217467)",SH2137140
333,Hugo Ramos,2005-01-23,23,"(1, 'Gun')",2,East Los Angeles,"(34.3871821, -118.1122679)",SH2137568
334,Robert Weltee,2005-01-23,74,"(1, 'Gun')",1,Lakewood,"(33.8698474, -118.1422486)",SH2138235
335,Carlos Lopez,2005-01-24,22,"(1, 'Gun')",1,Lennox,"(33.9183293, -118.2918464)",SH2138293
336,Froilan Dinco,2005-01-30,25,"(1, 'Knife, rake Deputy Efran Quintana recanted, said unarmed')",1,Carson,"(33.8049449, -118.263939)",SH2138282
337,Glenn Spruil,2005-01-31,30,"(1, 'Machete')",2,East Los Angeles,"(34.024553, -118.141402)",SH2138482
338,Robert Aceves,2005-02-02,20,"(0, '')",0,Lennox,"(33.9309774, -118.2903817)",SH2138491
339,Robert Aceves,2005-02-02,20,"(0, '')",0,Lennox,"(33.9309774, -118.2903817)",SH2138491
340,Scott Harper,2005-03-27,19,"(0, '')",2,Transit Services Bureau,"(33.9078782, -118.2084841)",SH2142447
341,Philip Santisteven,2005-03-31,30,"(1, 'Gun')",1,Lakewood - Operation Safe Streets,"(33.8983925, -118.1175176)",SH2145049
342,Eric Metten,2005-04-01,19,"(1, 'Gun')",2,Palmdale,"(34.5809465, -118.0753693)",SH2144589
343,Henry Aguilar,2005-05-08,44,"(0, '')",2,Compton,"(34.0483836, -118.4544006)",SH2145843
344,Joshua Corrales,2005-05-29,27,"(1, 'Knife')",1,Century,"(33.9198771, -118.2103111)",SH2149480
345,Jeffrey Coates,2005-06-07,45,"(1, 'Gun')",2,Special Enforcement Bureau,"(34.081367, -118.1518672)",SH2148043
346,Rick Manes,2005-06-29,29,"(1, 'Gun')",1,Palmdale,"(34.5794526, -118.1287712)",SH2149573
347,Randall Slate,2005-06-29,44,"(1, 'Knife')",1,West Hollywood,"(34.0583038, -118.360214)",SH2149895
348,Noe Garcia,2005-07-07,29,"(1, 'Gun')",1,Century,"(33.9152894, -118.2709318)",SH2150710
349,Christopher Smelser,2005-07-15,20,"(1, 'Gun')",0,County Murder Task Force,"(33.9572578, -118.249646)",SH2150783
350,Stephen O'Neal,2005-08-08,49,"(0, '')",1,Lancaster,"(34.6932023, -118.1838878)",SH2152392
351,Frederick Morse,2005-08-13,23,"(1, 'Gun')",2,Century - Operation Safe Streets,"(33.9221378, -118.2342776)",SH2152827
352,Frederick Morse,2005-08-13,25,"(0, '')",0,Century - Operation Safe Streets,"(33.9221378, -118.2342776)",SH2152827
353,Jason Phillippi,2005-09-08,34,"(1, 'Gun')",2,Compton,"(33.9015594, -118.3596271)",SH2154541
354,Francisco Maldonado,2005-09-17,24,"(1, 'Gun')",2,Century,"(33.91980420000001, -118.2280546)",SH2155180
355,Jesse Melgoza,2005-09-23,18,"(1, 'Gun')",0,East Los Angeles,"(34.0487429, -118.190796)",SH2155758
356,Jesse Melgoza,2005-09-23,19,"(1, 'Gun')",2,East Los Angeles,"(34.0487429, -118.190796)",SH2155758
357,Roman Castillo,2005-10-14,25,"(1, 'Gun')",1,Gang Enforcement Team,"(34.7022977, -118.1359674)",SH2156973
358,Russell Helbing,2006-01-26,20,"(1, 'Gun')",0,Gang Enforcement Team,"(33.8954744, -118.2553442)",SH2163787
359,Russell Helbing,2006-01-26,21,"(1, 'Gun')",0,Gang Enforcement Team,"(33.8954744, -118.2553442)",SH2163787
360,Nader Chahine,2006-01-28,39,"(1, 'BB Gun')",0,Compton,"(33.911124, -118.2380464)",SH2164595
361,Jaime Juarez,2006-01-29,25,"(0, '')",0,Men's Central Jail,"(33.7865632, -118.2104954)",SH2163795
362,Jaime Juarez,2006-01-29,25,"(0, '')",0,Men's Central Jail,"(33.7865632, -118.2104954)",SH2163795
363,Robert Erickson,2006-02-06,42,"(1, 'Pellet Gun')",1,Special Enforcement Bureau,"(34.0837425, -118.4121857)",SH2164739
364,Juan Chavez,2006-02-15,22,"(0, '')",0,Pico Rivera,"(34.0082546, -118.0832814)",SH2164888
365,Russell Helbing,2006-02-17,21,"(1, 'Gun')",2,Operation Safe Streets - Compton Gang Enforcement Team,"(33.8986164, -118.2525773)",SH2164948
366,Russell Helbing,2006-02-17,22,"(1, 'Gun')",1,Operation Safe Streets - Compton Gang Enforcement Team,"(33.8986164, -118.2525773)",SH2164948
367,George Creamer,2006-03-01,34,"(1, 'Gun')",1,Special Enforcement Bureau,"(34.0388642, -118.039844)",SH2165564
368,Robert Dean,2006-03-10,32,"(1, 'Gun')",2,Compton,"(33.9016306, -118.2020191)",SH2166138
369,James Delgado,2006-04-19,27,"(0, '')",2,Lakewood,"(33.8747522, -118.1425074)",SH2176533
370,Joseph Fender,2006-04-25,52,"(1, 'Gun')",2,Palmdale,"(34.6608712, -118.3971528)",SH2170359
371,Gonzalo Galvan,2006-05-01,28,"(1, 'Gun')",0,Lennox,"(33.9381912, -118.3613446)",SH2169418
372,Darell Edwards,2006-05-06,29,"(1, 'Gun')",0,Century,"(34.0207521, -118.3325965)",SH2169604
373,Unknown,2006-06-05,48,"(0, '')",2,Unknown,"(33.8080115, -118.2904558)",SH2172209
374,Rafael Cardenas,2006-06-13,27,"(0, '')",1,Century,"(33.9494852, -118.2534617)",SH2173534
375,Grant Roth,2006-07-21,43,"(1, 'Gun')",2,Palmdale,"(34.5776285, -118.1161033)",SH2176359
376,James Wheeler,2006-08-01,44,"(0, '')",1,Compton,"(33.9034093, -118.2511348)",SH2177347
377,David Joyce,2006-08-23,20,"(0, '')",2,Lakewood,"(33.8829359, -118.1383077)",SH2178604
378,Thomas Drake,2006-08-28,58,"(1, 'Gun')",1,Santa Clarita,"(34.8582435, -118.1623302)",SH2178932
379,Oscar Veloz,2006-09-07,27,"(1, 'Gun')",1,Century,"(33.9019845, -118.2322449)",SH2180613
380,Robert Leyba,2006-09-16,32,"(1, 'Pellet Gun')",2,Temple,"(34.0508902, -118.1067272)",SH2180053
381,Robert Risiglione,2006-10-15,30,"(1, 'Gun')",0,Compton - Operation Safe Streets,"(33.9023576, -118.2183727)",SH2181812
382,Grant Roth,2006-10-29,23,"(1, 'Gun')",1,Palmdale,"(34.5830046, -118.0686853)",SH2182693
383,Corey Morning,2006-10-31,38,"(1, 'Gun')",1,Cerritos,"(33.86861530000001, -118.0616487)",SH2182908
384,Enrique Godinez,2006-11-06,40,"(1, 'Gun')",1,East Los Angeles Station,"(34.042547, -118.1732588)",SH2183541
385,Steven Longan,2007-01-20,18,"(1, 'Gun')",2,Lennox - Community Impact Team,"(33.9658097, -118.2461019)",SH2188086
386,Unknown,2007-03-12,19,"(0, '')",2,West Hollywood - Narcotics Bureau,"(34.0301884, -118.4375256)",SH2190984
387,Stephen Glass,2007-03-15,51,"(1, 'Knives')",1,Carson,"(33.7641538, -118.2710687)",SH2191426
388,Daniel Welle,2007-03-25,23,"(0, '')",2,Lancaster,"(34.685576, -118.1490379)",SH2191846
389,Ronald DiGiovanni,2007-04-02,29,"(1, 'Gun')",1,Lennox - Community Impact Team,"(33.9384452, -118.3616008)",SH2192337
390,Arthur Perez,2007-04-14,25,"(1, 'Gun')",0,Lakewood - Operation Safe Streets,"(33.8062075, -118.1969881)",SH2192947
391,Raul Magadan,2007-04-22,49,"(1, 'Metal pipe, toy gun, knife')",2,Compton,"(33.9019708, -118.1872795)",SH2193328
392,Armando Arevalo,2007-05-11,30,"(1, 'blunt object')",1,Off duty,"(34.0132169, -118.1445833)",SH2194545
393,Armando Arevalo,2007-05-11,30,"(1, 'Barbed wire')",0,Off duty,"(34.0132169, -118.1445833)",SH2194545
394,David Howard,2007-05-12,19,"(1, 'Gun')",1,Lakewood,"(33.9025753, -118.2020846)",SH2194857
395,Ronald Navarrete,2007-05-14,19,"(1, 'Gun')",0,Compton - Operation Safe Streets,"(33.8827614, -118.2041272)",SH2194940
396,Ronald Navarrete,2007-05-14,36,"(1, 'Gun')",0,Compton - Operation Safe Streets,"(33.8827614, -118.2041272)",SH2194940
397,Luis Alva,2007-08-13,23,"(1, 'Gun')",1,East Los Angeles,"(34.05727340000001, -118.1834789)",SH2201446
398,Antonio Garcia,2007-10-23,26,"(0, '')",2,Century,"(33.9599586, -118.2039867)",SH2194885
399,Alexander Vallozzi,2007-10-24,21,"(1, 'Gun')",2,Century,"(33.9176966, -118.2390251)",SH2206548
400,Pablo Partida,2007-10-27,23,"(1, 'Gun')",0,Century,"(33.9164479, -118.3240834)",SH2206930
401,Darell Edwards,2007-10-29,23,"(1, 'Gun')",0,Century,"(33.9059162, -118.2740262)",SH2207388
402,Joel Flores,2007-11-09,20,"(1, 'Gun')",0,Safe Streets Bureau,"(34.0332342, -118.1858076)",SH2208192
403,Joel Flores,2007-11-09,24,"(0, '')",2,Safe Streets Bureau,"(34.0332342, -118.1858076)",SH2208192
404,Samuel Valente,2007-11-10,30,"(1, 'Gun')",1,Century,"(33.9870284, -118.2521211)",SH2208197
405,Unknown,2008-04-01,19,"(1, 'Knife')",2,Lennox - off duty,"(33.9097568, -118.3266069)",SH2217586
406,William Cordero,2008-04-12,21,"(1, 'Gun')",1,Operation Safe Streets,"(33.9530001, -118.2469826)",SH2218495
407,Raul Magadan,2008-04-29,18,"(1, 'Gun')",0,Compton - Community Impact Team,"(34.03923, -118.2633474)",SH2219217
408,Calvin Mah,2008-05-13,26,"(0, '')",1,Walnut,"(34.1360303, -118.028058)",SH2220365
409,Calvin Mah,2008-05-13,25,"(0, '')",2,Walnut,"(34.1360303, -118.028058)",SH2220365
410,Raul Ibarra,2008-06-26,26,"(0, '')",1,Compton,"(33.8964104, -118.2582597)",SH2222911
411,Edward Martinez,2008-07-14,22,"(0, '')",0,Century,"(33.8819526, -118.1686735)",SH2223922
412,Bryan Lamb,2008-07-23,34,"(0, '')",1,Unknown,"(33.9356846, -118.3600178)",SH2224639
413,Clarence G. Gallegos,2008-08-10,32,"(1, 'Gun')",1,Special Enforcement Bureau,"(33.9322068, -118.2138274)",SH2225821
414,Juan Alvarado,2008-08-19,24,"(1, 'Gun')",2,Major Crimes Bureau,"(33.9144098, -118.1414328)",SH2226579
415,William Bevans,2008-08-23,35,"(0, '')",0,Century,"(33.941166, -118.2145406)",SH2226571
416,Theodor Baljet,2008-08-26,23,"(1, 'Gun')",2,Lennox,"(33.9418545, -118.3177662)",SH2227267
417,Jason Phillippi,2008-09-30,25,"(1, 'Metal stake')",1,Special Enforcement Bureau,"(34.0673793, -118.0804929)",SH2229364
418,John Ybarra,2008-10-16,18,"(0, '')",2,Lakewood,"(33.9064611, -118.1032384)",Unknown
419,Julio Jove,2008-10-17,33,"(1, 'Concrete')",1,Century,"(33.9819535, -118.1861081)",SH2230378
420,Patricia Rines,2008-10-27,20,"(0, '')",1,Century,"(33.9162305, -118.2462268)",SH2231988
421,Darell Edwards,2008-11-17,30,"(0, '')",2,Century - off duty,"(34.3871821, -118.1122679)",SH2232297
422,Joseph Manfree,2008-11-30,18,"(1, 'Air pistol')",1,East Los Angeles,"(34.0453428, -118.1721561)",SH2233356
423,Anthony Paez,2008-12-19,19,"(0, '')",2,Palmdale,"(33.7880945, -118.1687485)",SH2235183
424,Levi Belville,2009-01-24,22,"(1, 'Gun')",1,Gang Enforcement Team,"(33.9076759, -118.2893994)",SH2236597
425,Roverto Valles,2009-02-04,30,"(0, '')",0,Temple City,"(34.0553863, -118.0850506)",SH2237358
426,Mat Taylor,2009-03-04,23,"(1, '')",2,Carson,"(33.8109274, -118.2719954)",SH2240336
427,Mario Contreras,2009-03-15,22,"(1, 'Baseball bat, knife')",1,Temple City,"(34.0742289, -118.0588789)",SH2239808
428,Eduardo Labayna,2009-03-19,54,"(0, '')",0,West Hollywood,"(34.0560614, -118.3428884)",SH2240121
429,Noah Corrales,2009-04-16,28,"(0, '')",0,Century,"(33.9164485, -118.3090482)",SH2241882
430,Noah Corrales,2009-04-16,25,"(1, 'Gun')",2,Century,"(33.9164485, -118.3090482)",SH2241882
431,Joshua Bardon,2009-04-26,29,"(1, '')",1,Century,"(33.9340287, -118.222806)",SH2242537
432,Eric Moreno,2009-04-26,18,"(1, 'Pellet Gun')",1,Compton,"(33.9018063, -118.2158995)",SH2242518
433,Anthony Paez,2009-05-03,18,"(0, '')",0,Palmdale - off duty,"(34.3871821, -118.1122679)",SH2242904
434,Casey Cheshier,2009-05-06,17,"(1, 'Plastic water gun')",2,Lennox,"(33.9284074, -118.3114667)",SH2243273
435,Alberto Hernandez,2009-05-24,21,"(0, '')",2,Compton,"(33.9034448, -118.2171901)",SH2243898
436,Sergio Reyes,2009-07-05,16,"(0, '')",1,"Operation Safe Streets Bureau, Gang Enforcement Team - Summer Enforcement Detail","(33.8887362, -118.208895)",SH2246245
437,Michael Carpenter,2009-07-10,22,"(0, '')",1,Lennox,"(33.9158543, -118.294882)",SH2246590
438,Chad Sessman,2009-07-10,23,"(1, 'Gun')",0,Century,"(33.9749437, -118.2461693)",SH2246663
439,Noel  Lopez,2009-07-11,23,"(1, 'Gun')",2,East Los Angeles,"(34.0225268, -118.1883171)",SH2246592
440,Unknown,2009-07-12,18,"(1, 'Gun')",2,Palmdale,"(34.5872553, -118.1097278)",SH2246631
441,Benjamin Alvarado,2009-07-24,20,"(0, '')",0,Lakewood,"(33.8702517, -118.1172292)",SH2249118
442,Benjamin Alvarado,2009-07-24,19,"(1, 'Gun')",2,Lakewood,"(33.8702517, -118.1172292)",SH2249118
443,Frank Alvarado,2009-07-25,29,"(1, 'Gun')",2,Operation Safe Streets,"(33.8767441, -118.1565513)",SH2247465
444,David Johnson,2009-08-01,57,"(1, 'Two meat cleavers')",1,Temple City,"(34.0768729, -118.0013254)",SH2247861
445,Daryl Gaunt,2009-08-01,58,"(0, '')",0,Special Enforcement Bureau,"(34.0367218, -118.1305257)",SH2247918
446,Raquel Gonzales,2009-08-07,23,"(1, 'Gun')",1,Century,"(33.9073749, -118.1971765)",SH2248403
447,Mat Taylor,2009-08-08,33,"(0, '')",1,Carson,"(33.815897, -118.2615529)",SH2249218
448,Tony Franklin,2009-08-12,21,"(0, '')",0,Century,"(33.9358262, -118.2068211)",SH2248852
449,Lennox,2009-08-30,40,"(1, 'Knife')",2,Twin Towers Correctional Facility - off duty,"(33.9716354, -118.0711209)",SH2249964
450,Kevin Brown,2009-09-14,36,"(0, '')",1,Lennox,"(33.925237, -118.297151)",SH2251370
451,Marcelo Campos,2009-09-19,17,"(1, 'Gun')",1,Operation Safe Streets,"(34.0492508, -118.2332421)",SH2251372
452,Jaime Juarez,2009-09-20,27,"(1, 'Gun')",1,Compton,"(33.8890183, -118.1916448)",SH2252404
453,David Contreras,2009-09-20,24,"(1, 'Gun')",1,Norwalk,"(33.9171315, -118.0134663)",SH2252396
454,David Salazar,2009-10-02,31,"(1, 'Knife')",1,San Dimas,"(34.1112764, -117.8960711)",SH2252199
455,Jeffrey Alvarado,2009-11-03,29,"(1, '')",1,Lennox,"(33.8818087, -118.3428741)",SH2254639
456,Rulon Green,2009-11-03,24,"(1, 'BB Gun')",0,Court Services West/LAX - off duty,"(33.7589787, -117.9900995)",SH2254517
457,Spencer Reedy,2009-11-05,18,"(0, '')",1,San Dimas,"(34.11220840000001, -117.9145059)",SH2254709
458,Jimmy Yee,2009-11-21,32,"(0, '')",0,East Los Angeles,"(33.9992188, -117.9390212)",SH2255621
459,Ronnie Perez,2009-11-30,24,"(0, '')",0,Operation Safe Streets Bureau,"(33.938596, -118.2520748)",SH2256034
460,Ronnie Perez,2009-11-30,27,"(1, 'Gun')",0,Operation Safe Streets Bureau,"(33.938596, -118.2520748)",SH2256034
461,Ronnie Perez,2009-11-30,23,"(1, 'Gun')",0,Operation Safe Streets Bureau,"(33.938596, -118.2520748)",SH2256034
462,Kenneth Fitch,2009-12-05,31,"(0, 'Hands/Feet')",2,Inmate Reception Center - off duty,"(34.0238914, -118.1927337)",SH2256410
463,Kenneth Fitch,2009-12-05,37,"(0, 'Hands/Feet')",0,Inmate Reception Center - off duty,"(34.0238914, -118.1927337)",SH2256410
464,Kenneth Fitch,2009-12-05,38,"(0, 'Hands/Feet')",0,Inmate Reception Center - off duty,"(34.0238914, -118.1927337)",SH2256410
465,Kenneth Fitch,2009-12-05,20,"(0, 'Hands/Feet')",0,Inmate Reception Center - off duty,"(34.0238914, -118.1927337)",SH2256410
466,Kenneth Fitch,2009-12-05,20,"(0, 'Hands/Feet')",0,Inmate Reception Center - off duty,"(34.0238914, -118.1927337)",SH2256410
467,Kenneth Fitch,2009-12-05,29,"(0, 'Hands/Feet')",0,Inmate Reception Center - off duty,"(34.0238914, -118.1927337)",SH2256410
468,Unknown,2009-12-19,23,"(1, 'Gun')",2,Century,"(33.9382409, -118.2390398)",SH2257614
469,Unknown,2010-01-14,43,"(0, '')",2,Carson,"(33.8822241, -118.2833651)",SH2258903
470,Dejay Barber,2010-02-10,19,"(1, 'Gun')",2,"Transit Services Bureau, South","(33.90593, -118.2673036)",SH2260482
471,Benjamin Alvarado,2010-02-26,35,"(0, '')",2,Lakewood,"(33.8570512, -118.0723051)",SH2261796
472,Benjamin Alvarado,2010-02-26,29,"(0, '')",0,Lakewood,"(33.8570512, -118.0723051)",SH2261796
473,Joshua Bardon,2010-03-06,20,"(0, '')",2,Century,"(33.953993, -118.2065051)",SH2262624
474,Joshua Bardon,2010-03-06,18,"(1, 'Gun')",2,Century,"(33.953993, -118.2065051)",SH2262624
475,John MacDonald,2010-03-09,50,"(1, 'Gun')",2,Special Enforcement Bureau,"(33.9771645, -118.1980936)",SH2262863
476,Troy Krautkramer,2010-03-24,35,"(0, '')",2,East Los Angeles,"(34.0496945, -118.1939057)",SH2263754
477,Unknown,2010-04-13,28,"(0, '')",2,Unknown,"(34.0221996, -118.1657485)",SH2264969
478,Mark Collins,2010-04-18,24,"(1, 'Gun')",2,Transit Services Bureau,"(34.557507, -117.9198964)",SH2265120
479,Freddy Brown,2010-05-06,26,"(1, 'Gun')",2,Lakewood,"(33.8295143, -118.0773666)",SH2266258
480,Lorena Rosales,2010-05-06,29,"(1, 'Gun')",1,Lomita,"(33.7904935, -118.3076794)",SH2266368
481,Victor Solis,2010-05-07,21,"(0, '')",0,Lakewood,"(34.3871821, -118.1122679)",SH2266395
482,Omar Escobar,2010-06-05,25,"(0, '')",2,East Los Angeles,"(34.0163962, -118.1869225)",SH2267995
483,Jaime Magana,2010-06-09,25,"(1, 'Screwdriver')",1,West Hollywood - off duty,"(34.1566487, -117.9108739)",SH2268577
484,Jaime Magana,2010-06-09,32,"(0, '')",0,West Hollywood - off duty,"(34.1566487, -117.9108739)",SH2268577
485,Tareq Abdulfattah,2010-06-10,61,"(1, 'Gun')",1,Altadena,"(34.19313820000001, -118.1340661)",SH2268489
486,Daniel Mailloux,2010-06-15,23,"(0, '')",1,Lakewood,"(33.8876655, -118.1225214)",SH2268975
487,Alexander Khasaempanth,2010-06-15,29,"(1, 'Gun')",2,Industry,"(34.0177288, -117.9169115)",SH2268662
488,John Denney,2010-06-19,30,"(1, 'Knife')",2,Lakewood,"(33.8339736, -118.1635173)",SH2268955
489,Michael Miller,2010-06-27,20,"(0, '')",0,Men's Central Jail - off duty,,SH2269365
490,Michael Miller,2010-06-27,25,"(0, '')",0,Men's Central Jail - off duty,,SH2269365
491,Michael Miller,2010-06-27,21,"(0, '')",0,Men's Central Jail - off duty,,SH2269365
492,Eric Acosta,2010-07-09,41,"(0, '')",0,Santa Clarita,"(34.4382114, -118.3374917)",SH2270109
493,Unknown,2010-07-27,32,"(0, '')",2,Century,"(33.8921528, -118.2652779)",SH2271066
494,Jason Puga,2010-07-27,29,"(0, '')",2,Century,"(33.9339178, -118.2781293)",SH2274799
495,Richard Harpham,2010-08-17,36,"(2, '')",1,Lakewood,"(33.8724112, -118.1107705)",JSID 11-0740
496,Desmond Carter,2010-08-20,49,"(0, '')",0,Off Duty,"(34.3779786, -118.5670429)",SH2275251
497,Kason Barraclough,2010-08-21,24,"(0, '')",2,Century,"(33.92345, -118.2537358)",SH2276178
498,Armando Orellana,2010-08-25,29,"(1, 'Gun')",0,Century,"(33.9574334, -118.2607896)",SH2272659
499,Unknown,2010-10-01,30,"(1, 'BB Gun')",2,"Lancaster - Community Oriented Policing Bureau, High Impact Team","(34.69317, -118.1635426)",SH2274774
500,Jacob Goble,2010-10-03,21,"(1, '')",0,West Hollywood,"(34.0907609, -118.3670156)",SH2274895
501,Chad Sessman,2010-10-09,20,"(1, 'Gun')",2,Operation Safe Streets Bureau - Gang Enforcement Team,"(34.0149475, -118.1636436)",SH2275272
502,Julio Jove,2010-10-10,20,"(1, '')",1,Century,"(33.9212661, -118.2097377)",SH2275293
503,Andrea Sandoval,2010-10-19,28,"(0, '')",0,East Los Angeles,"(33.9860734, -118.2171276)",SH2276042
504,John Werner,2010-10-22,46,"(0, '')",2,Compton,"(33.908373, -118.289382)",SH2276092
505,Ronnie Manier,2010-10-28,21,"(0, '')",0,Altadena,"(34.196634, -118.1572044)",SH2276405
506,Isidro Villasenor,2010-11-05,27,"(0, '')",0,Norwalk,"(34.3871821, -118.1122679)",SH2276842
507,Victor Lemus,2010-11-08,21,"(1, 'Gun')",1,Century,"(33.9210808, -118.2439689)",SH2276878
508,Unknown,2010-11-11,21,"(1, 'Gun')",0,Operation Safe Streets Bureau - Gang Enforcement Team,"(33.8859124, -118.226266)",SH2277067
509,Raul Regalado,2010-11-17,21,"(0, '')",2,Compton,"(33.9087635, -118.2106293)",SH2277326
510,Daniel Torres,2010-11-26,31,"(1, 'Knife')",1,Walnut,"(33.988105, -117.9011832)",SH2277798
511,Unknown,2010-12-01,25,"(0, '')",0,Operation Safe Streets Bureau,"(33.79703, -118.27507)",SH2278189
512,Hector Contreras,2010-12-01,20,"(0, '')",2,East Los Angeles,"(34.0422387, -118.1646821)",SH2278275
513,Paul Parkhurst,2010-12-21,44,"(0, '')",1,Lancaster,"(34.6470748, -118.2522626)",SH2279155
514,Carlos Parga,2011-01-08,20,"(1, 'Gun')",1,Century,"(33.9662379, -118.2584046)",SH2280365
515,Alejandro Ramirez,2011-01-10,39,"(1, 'Knife')",2,Parks Bureau,"(34.0997933, -118.0103572)",SH2280567
516,Daniel Reyes,2011-01-11,37,"(1, 'Gun')",1,East Los Angeles,"(34.0443783, -118.1780137)",SH2280312
517,Scott E. Sorrow,2011-02-05,43,"(0, '')",2,Palmdale,"(34.3871821, -118.1122679)",SH2281936
518,Juan C. Rodriguez,2011-02-11,25,"(1, 'Gun')",2,"Twin Towers Correctional Facility, off-duty","(34.1028241, -118.0297355)",SH2282364
519,Anthony Forlano,2011-02-14,31,"(0, '')",2,COPS Bureau,"(34.3871821, -118.1122679)",SH2282402
520,Jonathan Lested,2011-02-18,33,"(1, 'Gun')",1,Altadena,"(34.1780362, -118.1309891)",SH2282797
521,George Aguilera,2011-02-26,24,"(1, 'Knife')",2,Pico Rivera Station,"(34.0330312, -118.1688976)",SH2283105
522,Angel Rodriguez,2011-03-01,24,"(0, '')",0,East Los Angeles,"(34.0471312, -117.9927488)",SH2283530
523,Victor Hess,2011-03-01,17,"(1, 'Knife')",1,Palmdale PAC Team,"(34.6018743, -118.120063)",SH2283791
524,Michael Herrera,2011-03-10,23,"(0, '')",2,Lakewood,"(33.8388306, -118.1051291)",SH2284201
525,Richard Rubalcaba,2011-03-12,23,"(1, 'Replica gun')",1,Century,"(33.9162496, -118.2888193)",SH2284262
526,Robert Alvarez,2011-03-26,29,"(0, '')",2,Off Duty,"(34.1423198, -118.0729534)",SH2285143
527,Robert Alvarez,2011-03-26,26,"(0, '')",2,Off Duty,"(34.1423198, -118.0729534)",SH2285143
528,Victor Lemus,2011-03-29,21,"(1, 'Gun')",0,Century,"(33.9246528, -118.2826032)",SH2285757
529,Adrian Dominguez,2011-04-04,23,"(1, 'Gun')",2,Century,"(33.9710617, -118.2576801)",SH2286274
530,Adrian Dominguez,2011-04-04,24,"(1, 'Gun')",2,Century,"(33.9710617, -118.2576801)",SH2286274
531,"Gonzalo Inzunza, Jr.",2011-04-04,31,"(1, 'Gun ')",2,Century,"(33.953147, -118.2518855)",SH2285686
532,Andrew Campbell,2011-04-08,19,"(1, 'Airsoft gun')",1,Palmdale,"(34.5689397, -118.1274225)",SH2286320
533,Juan P. Rodriguez,2011-05-22,21,"(0, '')",2,Century,"(33.9311292, -118.2462986)",SH2288886
534,Daniel Castro,2011-05-22,20,"(0, '')",0,West Hollywood,"(34.091024, -118.3900535)",SH2286367
535,Adam F. Stoll,2011-05-24,22,"(0, '')",2,Century,"(33.9719364, -118.2347079)",SH2288996
536,Adam F. Stoll,2011-05-24,18,"(1, 'Gun')",2,Century,"(33.9719364, -118.2347079)",SH2288996
537,Oscar Barrios,2011-05-25,19,"(0, '')",1,Century,"(33.927246, -118.2537733)",SH2289268
538,Steven Shirley,2011-06-22,44,"(0, '')",2,Communications/Fleet,"(34.0319815, -118.2322659)",SH2290740
539,David Chevez,2011-06-23,32,"(1, 'Gun')",1,South Los Angeles,"(33.915792, -118.3438919)",SH2291408
540,Vincent Cisneros,2011-07-21,26,"(0, '')",2,East Los Angeles,"(33.9695543, -118.2009606)",SH2292855
541,Roger Flores,2011-07-21,29,"(0, '')",2,Industry - Multi-Agency Task Force,"(34.0382254, -118.2811498)",SH2292874
542,Anthony Duran,2011-07-23,27,"(0, '')",2,Transit Services Bureau,"(34.2356516, -118.4850743)",SH2292862
543,Jaime Juarez,2011-09-09,22,"(0, '')",2,Compton,"(33.8873883, -118.254848)",SH2296738
544,Damon Jones,2011-10-05,27,"(0, '')",2,"Carson, off duty","(33.8726862, -118.0565299)",SH2298451
545,Damon Jones,2011-10-05,25,"(0, '')",2,"Carson, off duty","(33.8726862, -118.0565299)",SH2298451
546,Gustavo Munoz,2011-10-13,32,"(1, 'Gun')",1,Palmdale,"(34.5670515, -118.0740379)",SH2298829
547,Judith Gonzalez,2011-10-14,Unknown,"(0, '')",2,Off duty,"(33.9066319, -118.006778)",SH2334374
548,Daniel Hoyos,2011-11-26,32,"(1, 'Plastic replica gun')",2,Compton,"(34.0072524, -117.8980572)",SH2301830
549,Brent Del Valle,2011-11-29,39,"(1, 'Gun')",2,Norwalk,"(33.9260494, -118.0957124)",SH2301967
550,John MacDonald,2011-12-01,39,"(0, '')",1,Special Enforcement Bureau,"(33.9274128, -118.0821518)",SH2302306
551,Marco Esperanza,2011-12-06,22,"(0, '')",0,East Los Angeles - Reserve,"(34.1757833, -118.4510348)",SH2302529
552,Marco Esperanza,2011-12-06,26,"(0, '')",0,East Los Angeles - Reserve,"(34.1757833, -118.4510348)",SH2302529
553,Marco Esperanza,2011-12-06,25,"(0, '')",0,East Los Angeles - Reserve,"(34.1757833, -118.4510348)",SH2302529
554,David De La O,2011-12-16,32,"(1, 'Gun')",1,Transit Services Bureau,"(34.0729063, -118.2311759)",SH2303242
555,Eric Moreno,2011-12-16,29,"(1, 'Pellet Gun')",2,Compton deputy working overtime at Industry,"(34.0347984, -117.9749033)",SH2303209
556,Joseph Vasquez,2011-12-27,48,"(1, 'Steak knife')",1,Lomita,"(33.768628, -118.4034544)",SH2304896
557,Victor J Fernandez,2011-12-28,22,"(1, 'Gun')",2,Lakewood,"(34.0387923, -118.2763069)",SH2303930
558,Brian Vance,2012-01-04,40,"(1, 'Hammer')",1,Temple,"(34.0813657, -118.0679014)",SH2304350
559,Michael Mabee,2012-01-05,28,"(1, 'BB Gun')",2,Lakewood,"(33.9095722, -118.1585794)",SH2304436
560,Isidro Villasenor,2012-01-10,18,"(0, '')",2,Norwalk,"(33.928135, -118.2526927)",SH2304737
561,Uriel Cruz,2012-01-21,26,"(0, '')",1,Lancaster,"(34.6861442, -118.1483782)",SH2305899
562,Unknown,2012-01-25,25,"(1, 'Gun')",0,Compton,"(33.9025025, -118.2301377)",SH2305755
563,Silvio Paz,2012-01-28,18,"(1, 'Gun')",0,South Los Angeles,"(33.9381926, -118.3602396)",SH2305842
564,Jeremi Edwards,2012-02-01,68,"(1, '')",1,Operation Safe Streets Bureau,"(34.6996029, -118.1327206)",SH2306279
565,Carlos Nuques,2012-02-08,19,"(1, 'Gun')",2,Major Crimes Bureau,"(33.9047422, -118.2143664)",SH2306563
566,Cuauhtemol Gonzalez,2012-02-11,27,"(0, '')",0,Pico Rivera,"(34.0137113, -118.0810025)",SH2306811
567,Nicholas Stewart,2012-02-22,22,"(0, '')",1,Lakewood,"(33.8827429, -118.1604027)",SH2307689
568,John Castro,2012-02-22,29,"(1, 'Gun')",2,Pico Rivera,"(33.9867796, -118.0939775)",SH2307685
569,Michael Espinosa,2012-02-26,46,"(0, '')",1,COPS Bureau,"(33.877905, -118.066958)",SH2307799
570,Christopher Quintero,2012-03-04,23,"(1, 'Gun')",2,Century,"(33.9017158, -118.253166)",SH2308242
571,Anthony Paez,2012-03-07,22,"(0, '')",1,Operation Safe Streets Bureau - Gang Enforcement Team,"(33.94244090000001, -118.2351296)",SH2308453
572,David Faria,2012-03-08,24,"(0, '')",2,California Multi-Jurisdictional Methamphetamine Enforcement Team,"(33.8340556, -118.0765367)",SH2308622
573,James Norville II,2012-04-16,35,"(0, '')",2,Lakewood,"(33.7989458, -118.1948183)",SH2311518
574,Daniel Welle,2012-05-05,29,"(0, '')",1,Lancaster,"(34.6033751, -117.8315931)",SH2312180
575,Tim Wolford,2012-05-12,30,"(1, 'Gun')",1,Industry,"(34.3871821, -118.1122679)",SH2312667
576,Sergio Jimenez,2012-05-13,22,"(0, '')",0,Compton,"(33.8814862, -118.2277776)",SH2312742
577,Sergio Jimenez,2012-05-13,35,"(1, 'Gun')",2,Compton,"(33.8814862, -118.2277776)",SH2312742
578,Calvert Rosborough,2012-05-23,18,"(0, '')",0,Transportation Bureau - off duty,"(33.9053097, -118.2363283)",SH2313179
579,Calvert Rosborough,2012-05-23,19,"(0, '')",2,Transportation Bureau - off duty,"(33.9053097, -118.2363283)",SH2313179
580,Ian Stade,2012-05-25,27,"(1, 'Gun')",0,Special Enforcement Bureau,"(33.7865675, -118.2726194)",SH2313309
581,Ian Stade,2012-05-25,28,"(1, 'Gun')",0,Special Enforcement Bureau,"(33.7865675, -118.2726194)",SH2313309
582,Unknown,2012-05-30,29,"(1, 'Gun')",2,Compton,"(33.8880867, -118.2399481)",SH2313814
583,Norma Silva,2012-06-21,27,"(0, '')",1,Century,"(33.9189754, -118.1886731)",SH2315077
584,Lucio Venegas,2012-06-24,30,"(1, 'Gun')",1,Century,"(33.9098829, -118.2078873)",SH2315102
585,Salvador Esquivel,2012-07-01,21,"(1, 'Gun')",2,Compton,"(33.8915728, -118.2070649)",SH2315579
586,Frank Huelga,2012-08-03,31,"(1, 'Gun')",1,Palmdale,"(34.5826089, -118.1221299)",SH2318393
587,Unknown,2012-08-16,25,"(1, 'Gun')",0,South Los Angeles,"(33.917401, -118.3004115)",SH2318732
588,Jerry Lopez,2012-08-16,32,"(1, 'Gun')",2,Compton,"(33.8983538, -118.2106084)",SH2318852
589,Sergio Cosio,2012-08-24,21,"(0, '')",1,Lakewood,"(33.8903635, -118.1337744)",SH2319289
590,Clayton Stetler,2012-08-29,28,"(0, '')",2,Carson,"(33.7826805, -118.2154856)",SH2319638
591,Rudolpho Santana,2012-08-29,34,"(0, '')",1,Major Crimes Bureau,"(33.8366606, -118.2853527)",SH2319642
592,Clayton Stetler,2012-08-29,26,"(0, '')",0,Carson,"(33.7826805, -118.2154856)",SH2319638
593,Raul Magadan,2012-08-31,35,"(1, 'Gun')",0,Operation Safe Streets - Compton,"(34.3871821, -118.1122679)",SH2319772
594,Raul Magadan,2012-08-31,28,"(1, 'Gun')",0,Operation Safe Streets - Compton,"(34.3871821, -118.1122679)",SH2319772
595,John Marquez,2012-09-02,25,"(0, '')",0,Temple,"(34.04074430000001, -118.0367498)",SH2319756
596,John Marquez,2012-09-02,24,"(1, 'Gun')",0,Temple,"(34.04074430000001, -118.0367498)",SH2319756
597,Daniel Hoyos,2012-09-08,15,"(0, '')",2,Compton,"(33.7954374, -118.1890797)",SH2320635
598,Gregory Berg,2012-09-17,27,"(1, 'Gun')",1,Lakewood,"(33.8847925, -118.1477404)",SH2320834
599,David Chevez,2012-09-28,27,"(0, '')",1,South Los Angeles,"(33.9503171, -118.3483762)",SH2322988
600,Unknown,2012-09-28,20,"(1, 'Gun')",2,East Los Angeles,"(34.037243, -118.1592224)",SH2321692
601,John Werner,2012-10-24,22,"(0, '')",0,Compton,"(33.8969569, -118.1999771)",SH2323207
602,John Werner,2012-10-24,24,"(0, '')",2,Compton,"(33.8969569, -118.1999771)",SH2323207
603,John Werner,2012-10-24,27,"(0, '')",2,Compton,"(33.8969569, -118.1999771)",SH2323207
604,Richard Nagler,2012-11-09,60,"(1, 'Gun')",1,Santa Clarita,"(34.7178861, -118.1475295)",SH2324672
605,Alexandro Gonzalez,2012-11-10,36,"(1, 'Gun')",1,Century,"(33.9217009, -118.2390138)",SH2324530
606,Michael Coberg,2012-11-14,35,"(1, 'Gun')",1,Operation Safe Streets Bureau - Gang Enforcement Team,"(33.9053456, -118.1947954)",SH2324397
607,Gerardo Magos,2012-11-16,24,"(1, 'Gun')",2,Operations Safe Streets Bureau - Detective Division,"(33.9658161, -118.2499385)",SH2324519
608,Gerardo Magos,2012-11-16,36,"(0, '')",0,Operations Safe Streets Bureau - Detective Division,"(33.9658161, -118.2499385)",SH2324519
609,Gerardo Magos,2012-11-16,24,"(0, '')",2,Operations Safe Streets Bureau - Detective Division,"(33.9658161, -118.2499385)",SH2324519
610,Tony Franklin,2012-11-23,31,"(1, 'Gun')",2,Century,"(33.9251699, -118.246287)",SH2324827
611,Casey Cheshier,2012-12-23,35,"(1, 'Gun')",1,Special Enforcement Bureau,"(33.9750738, -118.074743)",SH2326539
612,John Padilla,2013-01-09,16,"(1, 'Knife')",1,Pico Rivera,"(34.0015525, -118.0897577)",SH2328967
613,Lawrence Swanson,2013-01-21,Unknown,"(0, '')",2,Unknown,,Federal Court case 2:14-cv-02780-R-CW
614,Ray Huang,2013-02-01,35,"(0, '')",2,Walnut,"(34.0117426, -117.8599436)",SH2328951
615,Andrew Leos,2013-02-08,26,"(2, '')",1,Unknown,"(33.8427075, -118.2965806)",Unknown
616,Carlos Cueva,2013-04-09,25,"(1, 'Gun')",1,Century,"(33.9163371, -118.198059)",SH2334985
617,Jonathan Paik,2013-04-26,24,"(0, '')",1,South Los Angeles,"(33.9303672, -118.2923877)",SH2333612
618,Rafael  Munoz,2013-04-29,35,"(1, 'Gun')",1,East Los Angeles,"(34.0533186, -118.2208428)",SH2334307
619,Luis Mendoza,2013-05-11,34,"(0, '')",1,East Los Angeles,"(33.9700821, -118.195207)",SH2335335
620,Michael Mabee,2013-05-14,37,"(0, '')",1,Lakewood,"(33.9016349, -118.171762)",SH2334516
621,Jason Zabala,2013-05-18,49,"(0, '')",1,Century,"(33.9847322, -118.2448573)",SH2334807
622,Dru Strong,2013-05-23,27,"(1, 'Gun')",1,Compton,"(33.8983143, -118.2055208)",SH2335077
623,"Caren Mandoyan,",2013-06-21,24,"(1, 'Gun')",2,South Los Angeles - Summer,"(33.9441016, -118.2919227)",SH2336689
624,Chad Sessman,2013-06-22,24,"(1, 'Gun')",1,Industry,"(34.0346485, -117.9465421)",SH2336691
625,Jason  Pearson,2013-06-27,22,"(1, 'Gun')",1,Compton,"(33.899406, -118.2434599)",J.S.I.D. File #13-0465
626,John Bones,2013-06-27,80,"(0, '')",1,Palmdale - Narcotics,"(34.5476488, -117.9191885)",SH2336880
627,Pablo Partida,2013-07-19,29,"(1, 'Gun')",1,Pico Rivera,"(33.9813007, -118.0638826)","SH2338198, SH2383553"
628,Alejandro Ramirez,2013-07-24,42,"(0, '')",1,Compton,"(33.88436009999999, -118.2060513)",SH2338561
629,Jason Puga,2013-08-28,17,"(0, '')",1,Century - Overtime Crime Car,"(33.9086581, -118.234286)",SH2340691
630,Nicholas Castellanos,2013-09-10,23,"(1, 'Gun')",1,East Los Angeles,"(34.0527907, -118.1783903)",SH2341381
631,Paul Morales,2013-10-06,49,"(1, 'Wooden Stick')",1,Transit Services Bureau - Bus Riding Team,"(34.034634, -118.3788011)",J.S.I.D. File #13-0679
632,Delicia Hernandez,2013-10-06,53,"(1, '')",1,Unknown,"(34.4849186, -118.6366393)",J.S.I.D. File #13-0685
633,Monica Vargas,2013-10-26,57,"(0, '')",1,Lakewood,"(33.884957, -118.1178442)",SH2344276
634,Kelly Marchello,2013-10-28,49,"(1, 'Gun')",1,South Los Angeles,"(33.945385, -118.343563)",SH2344520
635,David Avila,2013-11-01,52,"(1, 'Knife')",2,Custody Investigative Services Unit - Pico Rivera,"(33.9884531, -118.1983132)",SH2345313
636,Marc Schultz,2013-11-01,27,"(1, 'Gun')",1,Special Enforcement Bureau,"(34.0510154, -118.2326823)",SH2344747
637,Ricky Gutierrez,2013-11-15,21,"(1, 'Knife')",1,Temple,"(34.0553863, -118.0850506)",SH2345764
638,Oscar Calderon,2013-12-29,24,"(1, 'Gun')",2,Operations Safe Streets Bureau - Homeland Security Division,"(34.1189662, -117.9927847)",SH2347822
639,Oscar Calderon,2013-12-29,36,"(0, '')",2,Operations Safe Streets Bureau - Homeland Security Division,"(34.1189662, -117.9927847)",SH2347822
640,Michael McMorrow,2014-01-18,18,"(1, 'Gun')",2,Norwalk,"(33.8844449, -118.0777371)",SH2323528
641,Carlos De La Torre,2014-01-26,44,"(1, 'Gun')",2,Century,"(33.9180221, -118.2321282)",SH2349925
642,Edgar Quintana,2014-01-30,47,"(1, 'Sand spike')",1,Santa Clarita,"(34.4159695, -118.4586707)",SH2349802
643,Jose L. Hernandez,2014-02-04,56,"(1, 'Machete')",2,Pico Rivera,"(34.0313236, -118.3876366)",SH2349805
644,Luis Mrad,2014-02-13,35,"(0, '')",1,Walnut,"(34.0097621, -117.8848341)",SH2351000
645,Unknown,2014-02-14,27,"(0, '')",0,Unknown,"(33.7901195, -118.1776789)",SH2351218
646,Unknown,2014-02-14,39,"(1, '')",2,Unknown,"(33.7901195, -118.1776789)",SH2351218
647,Unknown,2014-02-21,Unknown,"(2, '')",1,Unknown,,SH2356033
648,Lewis Orantes,2014-03-16,28,"(1, 'Gun')",2,Lancaster,"(34.67163230000001, -118.1593072)",SH2351042
649,Andrew Leos,2014-03-25,24,"(1, 'Gun')",0,Compton,"(33.8867736, -118.2259193)",SH2353284
650,Byron Holloway,2014-04-07,30,"(0, '')",1,West Hollywood,"(34.1904391, -118.3018327)",SH2353685
651,Alejandro Lomeli,2014-04-12,28,"(1, 'Gun')",0,East Los Angeles,"(34.3871821, -118.1122679)",SH2353622
652,Armando Hernandez,2014-04-13,45,"(1, 'Gun')",2,Century,"(33.93627439999999, -118.2097896)",SH2353662
653,Andrew Alatorre,2014-04-24,42,"(1, 'Cake spatula')",1,East Los Angeles,"(33.9913126, -118.1953798)",SH2354798
654,James Ponsford,2014-04-29,26,"(1, 'Gun')",1,Special Enforcement Bureau,"(34.0365093, -118.1849257)",SH2354585
655,Zenon Porche,2014-05-24,34,"(0, '')",2,West Hollywood,"(34.0949158, -118.3735301)",SH2355933
656,Albert Murad,2014-05-26,24,"(1, 'Gun')",1,Compton,"(33.88051859999999, -118.2043472)",SH2355927
657,Mark Brewster,2014-06-24,18,"(0, '')",1,West Hollywood,"(34.1436372, -118.3977294)",SH2269296
658,Timothy Lee,2014-06-24,24,"(1, 'Gun')",1,Compton,"(33.8983564, -118.2095299)",SH2358120
659,Timothy Lee,2014-06-24,Unknown,"(0, '')",2,Compton,"(33.8983564, -118.2095299)",SH2358120
660,Mark Brewster,2014-06-24,18,"(0, '')",0,West Hollywood,"(34.1436372, -118.3977294)",SH2269296
661,Donnie Johnson,2014-06-25,29,"(1, 'Gun')",1,Major Crimes Bureau,"(34.3871821, -118.1122679)",SH2358213
662,Scott Guthrie,2014-07-10,25,"(0, '')",0,Compton,"(33.8421788, -118.277304)",SH2360451
663,Deanna Ballesteros,2014-07-17,25,"(1, 'Gun')",2,Operation Safe Streets Bureau,"(33.8958492, -118.2200712)",SH2365671
664,Anselmo Gonzalez,2014-08-02,24,"(1, 'Gun')",1,Pico Rivera,"(33.9933807, -118.0870041)",SH2362639
665,Anselmo Gonzalez,2014-08-02,54,"(0, '')",1,Pico Rivera,"(33.9933807, -118.0870041)",SH2362639
666,Edson Salazar,2014-08-09,41,"(1, 'Gun')",1,Special Enforcement Bureau,"(34.0256172, -118.2730288)",SH2362771
667,Raul Guerrero,2014-08-10,18,"(1, 'Gun')",2,Century,"(33.9262323, -118.2736547)",SH2362775
668,Carlos Lopez,2014-08-18,38,"(0, '')",1,Special Enforcement Bureau,"(33.8742828, -118.1461971)",SH2363209
669,Ricardo Munoz,2014-08-26,53,"(1, 'Gun')",1,Special Enforcement Bureau,"(33.8734296, -118.2143704)",SH2364142
670,Pedro Guerrero-Gonzales,2014-10-04,28,"(0, '')",1,Century,"(33.9722444, -118.2560605)",SH2367931
671,Edwardo Sanchez,2014-10-08,19,"(1, 'Gun')",2,East Los Angeles,"(34.0172308, -118.1629468)",SH2368395
672,Bryan Moreno,2014-10-27,28,"(0, '')",1,Lakewood,"(33.9005188, -118.1582666)",SH2369175
673,Marco Magana,2014-10-29,41,"(1, 'Gun')",2,South Los Angeles,"(33.8814651, -118.3307926)",SH2369362
674,Justin Auldridge,2014-11-07,36,"(1, 'Gun')",1,Palmdale,"(34.6157063, -118.204669)",SH2370349
675,Daniel Marquez,2014-11-16,26,"(1, 'Replica gun')",1,East Los Angeles,"(34.0180286, -118.1569825)",SH2370134
676,Daniel Marquez,2014-11-16,57,"(0, '')",1,East Los Angeles,"(34.0180286, -118.1569825)",SH2370134
677,Enrique Cano,2014-11-30,19,"(1, 'Knife')",1,Carson,"(33.8073676, -118.2709572)",SH2370720
678,Jorge Ortiz,2014-12-31,34,"(1, 'Gun')",1,Compton,"(33.8948915, -118.2764091)",SH2372358
679,Clarence Hodge,2015-02-02,30,"(0, '')",0,Santa Clarita,"(34.3700734, -118.5082173)",SH2370002
680,Steven Sather,2015-02-05,25,"(1, 'Gun')",0,Carson,"(33.8523647, -118.2460769)",SH2374167
681,Jonathan Lested,2015-02-12,18,"(0, '')",0,Altadena,"(34.180927, -118.1360596)",SH2374385
682,David Swanson,2015-02-19,50,"(0, '')",0,Mounted Enforcement Detail,"(34.3227054, -118.4746743)",SH2374877
683,Sergio Santoyo,2015-03-03,50,"(1, 'Utility knife')",2,Lakewood,"(33.83399, -118.2502224)",SH2375405
684,Eric Espinoza,2015-03-12,32,"(0, '')",1,Century,"(34.02857, -118.27379)",SH2375947
685,Javier Estrella,2015-03-13,25,"(1, 'Gun')",2,South Los Angeles,"(33.9459661, -118.2959285)",SH2375981
686,Caren Mandoyan,2015-03-20,31,"(1, 'Gun')",2,South Los Angeles,"(33.9398845, -118.2915952)",SH2376276
687,Lawrence Swanson,2015-03-25,28,"(1, 'Gun')",1,South Los Angeles,"(33.9436174, -118.2913898)",SH2376887
688,Jay Brown,2015-04-10,38,"(0, '')",2,Century,"(33.9556208, -118.2329304)",SH2377694
689,Joseph Nunez,2015-05-05,32,"(1, 'Meat Cleaver')",1,Temple,"(34.0532606, -118.0437525)",SH2378885
690,Edward Fitzgerald,2015-05-07,22,"(0, '')",1,Cerritos,"(33.8758062, -118.0504507)",SH2379076
691,Randolph Springer,2015-06-01,52,"(1, 'Pellet Gun')",2,Transit Services Bureau - North,"(34.1862367, -118.4884996)",SH2380778
692,Gilbert Lozano,2015-06-04,32,"(1, 'Gun')",2,San Dimas,"(34.1288571, -117.8901702)",SH2380533
693,Mizrain Orrego,2015-06-27,18,"(1, 'Gun')",0,Compton,"(33.8882544, -118.2458084)",SH2381667
694,Daniel Welle,2015-07-03,46,"(1, '')",1,Operation Safe Streets,"(34.6704221, -118.1851177)",SH2381947
695,Karlos Milan,2015-07-05,42,"(0, '')",1,Lakewood,"(33.8332838, -118.0720472)",SH2382214
696,Anthony Johnson,2015-07-06,31,"(0, '')",1,Lakewood,"(33.8565332, -118.1237725)",SH2382110
697,Jeffrey Johnsen,2015-07-10,48,"(1, 'Gun')",2,Temple,"(34.1384642, -118.0813135)",SH2382540
698,Steven Huerta,2015-07-29,47,"(1, 'Metal broom handle')",1,Pico Rivera,"(33.9722633, -118.0551494)",SH2386874
699,Unknown,2015-07-31,18,"(1, 'Gun')",0,Compton,"(33.89195, -118.2362157)",SH2383665
700,Unknown,2015-07-31,19,"(0, '')",0,Compton,"(33.89195, -118.2362157)",SH2383665
701,Kamal Ahmad,2015-09-10,41,"(1, 'Gun')",1,Special Enforcement Bureau,"(33.9548395, -118.1137766)",SH2386375
702,Arthur Perez,2015-09-24,45,"(1, 'Gun')",0,Operation Safe Streets Bureau,"(33.9093574, -118.1163387)",SH2387075
703,Dru Strong,2015-09-28,38,"(1, 'Gun')",2,Compton,"(33.8900516, -118.1929967)",SH2387545
704,Brady Kline,2015-10-02,41,"(1, 'Gun')",2,Industry,"(34.0303218, -118.0070809)",SH2387539
705,Brian Richards,2015-10-16,25,"(0, '')",1,Industry,"(34.0312098, -117.9160944)",SH2388439
706,Robert Maas,2015-10-20,53,"(0, '')",1,South Los Angeles,"(33.93483459999999, -118.2811316)",SH2388831
707,Adam Navarrette,2015-11-24,28,"(1, 'Gun')",0,Operations Safe Streets Bureau - Gang Surveillance Unit,"(34.0399401, -118.0828234)",SH2390859
708,Steven Velasquez,2015-12-01,18,"(1, 'Gun')",0,Operation Safe Streets Bureau,"(33.9170356, -118.0817528)",SH2390966
709,Steven Velasquez,2015-12-01,18,"(1, 'Gun')",1,Operation Safe Streets Bureau,"(33.9170356, -118.0817528)",SH2390966
710,Richard Ochoa-Garcia,2015-12-12,28,"(1, 'Gun')",1,Century,"(33.917216, -118.2097506)",SH2391485
711,Brett Nolin,2015-12-20,30,"(1, '')",1,Palmdale,"(34.5713298, -118.0445866)",SH2391928
712,Omar Covarrubias,2016-01-01,31,"(1, 'Gun')",2,Compton,"(33.8865236, -118.262054)",SH2393052
713,Christopher Keeling,2016-01-12,21,"(1, 'Airsoft gun')",2,Operation Safe Streets Bureau,"(34.7056089, -118.150106)",SH2393284
714,Nathan Gillespie,2016-01-14,39,"(1, 'Switchblade')",1,Santa Clarita Valley,"(34.4195922, -118.4599337)",SH2393517
715,Adam Navarrette,2016-02-10,35,"(1, 'Gun')",0,Operation Safe Streets Bureau - Gang Surveillance Unit,"(33.8905585, -118.2042309)",SH2395478
716,Arnold Camacho,2016-02-11,45,"(1, 'Axe')",1,Lancaster,"(34.6820368, -118.079746)",SH2395381
717,Andrew Alatorre,2016-02-14,24,"(0, '')",1,East Los Angeles,"(34.0215441, -118.1636107)",SH2395472
718,Curtis Brown,2016-02-20,34,"(0, '')",2,Operation Safe Streets - Lakewood,"(33.8939091, -118.1750984)",SH2396335
719,Curtis Brown,2016-02-20,30,"(0, '')",2,Operation Safe Streets - Lakewood,"(33.8939091, -118.1750984)",SH2396335
720,Luke Lui,2016-02-24,26,"(0, '')",1,Cerritos,"(33.88705059999999, -118.1004354)",SH2396488
721,Unknown,2016-03-04,24,"(1, 'Gun')",2,South Los Angeles,"(33.9447021, -118.3523585)",SH2397208
722,Brad Witkosky,2016-03-05,29,"(0, '')",2,South Los Angeles,"(33.92346730000001, -118.2892798)",SH2397223
723,Jay Brown,2016-03-16,23,"(0, '')",1,Century,"(33.9810723, -118.241561)",SH2398032
724,Ervin Francois,2016-03-30,33,"(1, 'Gun')",1,Special Enforcement Bureau,"(34.0123869, -118.127007)",SH2399501
725,Eric Chinaerian,2016-06-11,31,"(1, 'Homemade spear')",1,East Los Angeles,"(33.9944587, -118.1932718)",SH2405395
726,Christopher Aliende,2016-06-23,39,"(1, 'Gun')",0,Lakewood - DUI Checkpoint,"(33.883738, -118.141026)",SH2406271
727,James Ponsford,2016-07-28,27,"(0, '')",1,Special Enforcement Bureau,"(33.9090423, -118.2391811)",SH2408614
728,Jeffrey Brito,2016-08-02,51,"(0, '')",1,Santa Clarita Valley,"(34.4925054, -118.6182288)",SH2408949
729,Ruben Quintero,2016-08-07,23,"(0, '')",2,Special Enforcement Bureau,"(33.9428423, -118.3611218)",SH2409314
730,Arin Davidian,2016-08-17,55,"(1, 'Folding knife')",2,Transit Services Bureau - North,"(34.22122969999999, -118.4292234)",SH2410098
731,Samuel Aldama,2016-08-25,31,"(0, '')",1,Compton,"(33.899208, -118.2399761)",SH2410691
732,Richard Ochoa-Garcia,2016-09-01,23,"(1, 'Gun')",1,Century,"(33.9624998, -118.2431283)",SH2411259
733,Justin Smith,2016-09-08,30,"(1, 'Gun')",2,Lomita,"(33.78954970000001, -118.3254232)",SH2411882
734,Vincent Cisneros,2016-10-04,33,"(1, 'Knives')",2,Transit Services Bureau - South,"(34.0140235, -118.4913573)",SH2413687
735,Zachary Anderson,2016-10-06,29,"(1, 'Gun')",2,Lancaster,"(34.6844259, -118.1914156)",SH2413823
736,David Pantoja,2016-10-07,24,"(1, 'Gun')",1,Norwalk,"(33.9257124, -118.1073516)",SH2413839
737,Rizaldy Reantaso,2016-10-31,55,"(1, 'Knife')",1,Chatsworth Court,"(34.2453807, -118.5696032)",SH2415580
738,Casey Cheshier,2016-11-22,45,"(1, 'Gun')",1,Special Enforcement Bureau,"(33.9086534, -117.9771746)",SH2416630
739,Antonio Chavez,2016-12-01,32,"(0, '')",2,Lakewood,"(33.8971735, -118.1796974)",SH2510487
740,Jason Leach,2016-12-12,25,"(1, 'Gun')",2,South Los Angeles,"(33.9579229, -118.2959125)",SH2417768
741,Ernesto Magana,2016-12-15,60,"(1, 'Gun')",1,Industry,"(33.9789661, -117.9760915)",SH2418067
742,Miguel Ortiz,2016-12-17,33,"(1, 'Gun')",1,East Los Angeles,"(34.0215442, -118.1626316)",SH2418104
743,Jose Hernandez,2016-12-24,48,"(1, '')",1,Pico Rivera,"(34.0183682, -118.0634902)",SH2418523
744,Guillermo Anaya,2016-12-27,21,"(0, '')",0,Compton,"(33.8961155, -118.2331077)",SH2418661
745,Joshua Ramirez,2017-01-09,18,"(1, 'Gun')",0,Men's Central Jail - Off duty,"(34.3871821, -118.1122679)",SH2419182
746,Joshua Ramirez,2017-01-09,18,"(0, '')",2,Men's Central Jail - Off duty,"(34.3871821, -118.1122679)",SH2419182
747,"Eric Valdez Banditos, tattooed member",2017-01-21,39,"(1, 'Gun')",0,East Los Angeles,"(34.024073, -118.1573332)",SH2420112
748,Jorge Perez,2017-02-13,24,"(1, 'Gun')",2,Transit Services Bureau,"(34.2040125, -118.4483226)",SH2421808
749,Ryan Imaizumi,2017-03-07,41,"(1, 'Hair clippers')",1,Marina Del Rey,"(33.9879041, -118.3667883)",SH2423038
750,Matthew Landreth,2017-03-14,22,"(1, 'Gun')",2,Operation Safe Streets Bureau - Gang Surveillance Unit Team,"(33.9588047, -118.0507362)",SH2423578
751,Nathan Botten,2017-03-20,21,"(1, 'Gun')",1,Temple,"(34.1029991, -118.0758684)",SH2423868
752,Shawn Merrick,2017-04-09,29,"(0, '')",0,Industry,"(34.3871821, -118.1122679)",SH2425038
753,Shawn Merrick,2017-04-09,27,"(1, 'Gun')",0,Industry,"(34.3871821, -118.1122679)",SH2425038
754,Shane Lattuca,2017-04-12,28,"(1, 'Gun')",1,Century,"(33.9545238, -118.246732)",SH2425342
755,Miguel Garcia,2017-05-25,25,"(1, 'Gun')",1,Compton,"(33.9026442, -118.2165471)",SH2428248
756,James Dillard,2017-06-22,17,"(0, '')",1,Palmdale,"(34.5816243, -118.1116424)",J.S.I.D. File #17-0324
757,Luis Monreal,2017-06-26,61,"(0, '')",0,Pico Rivera,"(33.9909681, -118.0899955)",SH2430280
758,Murray Jacob,2017-07-04,31,"(1, 'Folding knife')",2,Palmdale,"(34.5774466, -118.0984249)",SH2431214
759,Jesus Jimenes Jr.,2017-07-22,45,"(1, 'Replica gun')",0,Century,"(33.9339574, -118.1823619)",SH2431912
760,Ryan Rothrock,2017-08-16,34,"(1, 'Gun')",1,Century - Summer Violent Crime Enforcement Team,"(33.9310253, -118.2477881)",SH2434406
761,Joseph Mendoza,2017-09-08,52,"(1, 'Gun')",0,Industry,"(34.0223958, -117.9119712)",SH2435366
762,Benny Khounthavong,2017-09-11,39,"(1, 'Pellet guns')",1,Industry,"(34.0626161, -117.9768534)",SH2435972
763,Charles Moylan,2017-10-31,33,"(1, 'Mop handle')",2,County Services Bureau,"(34.2209973, -118.5186351)",SH2439345
764,Juan P. Rodriguez,2017-11-02,20,"(0, '')",1,Special Enforcement Bureau,"(33.9102245, -118.2336242)",SH2439504
765,David Pantoja,2017-11-20,20,"(1, 'Gun')",0,Norwalk - Enforcement Team,"(33.8803905, -118.0797627)",SH2440728
766,Albert S. White,2017-11-28,29,"(1, 'Gun')",2,Santa Clarita Valley,"(34.3760652, -118.5090542)",SH2441479
767,Nicholas Alerich,2017-12-06,28,"(0, '')",0,Century,"(33.9364755, -118.265182)",SH2442200
768,Christopher Cadman,2017-12-10,48,"(1, '')",1,Lakewood,"(33.8638835, -118.0724204)",SH2442509
769,Jose Morales,2018-01-06,26,"(1, 'Gun')",2,Compton,"(33.8854654, -118.2058806)",SH2445343
770,Gregory Van Hoesen,2018-02-04,16,"(0, '')",1,South Los Angeles,"(33.9384838, -118.2967457)",SH2447484
771,Elsa Buonarigo,2018-02-05,21,"(0, '')",2,Lakewood,"(33.873172, -118.0726335)",SH2447480
772,Christopher Gonzalez,2018-02-06,37,"(0, '')",1,East Los Angeles,"(34.0336286, -118.1564733)",SH2447621
773,Todd A Campbell,2018-03-06,19,"(0, '')",2,Twin Towers Correctional Facility - off duty,"(34.3871821, -118.1122679)",SH2450197
774,Bradley Dietze,2018-03-18,40,"(1, 'Knife')",1,Temple,"(34.0337039, -118.0475706)",SH2450947
775,John Rogart,2018-04-04,42,"(1, 'Kitchen knife')",2,Parks Bureau,"(34.0200036, -118.142421)",SH2452326
776,Brandon Barr,2018-05-08,21,"(1, 'Pellet Gun')",2,Temple,"(34.0613445, -118.0527997)",SH2455168
777,Timothy Lovitt,2018-06-28,55,"(1, 'Knife')",2,Temple,"(34.0595733, -118.0642515)",SH2458357
778,Michael Stephenson,2018-07-19,25,"(1, 'Gun')",1,Pico Rivera,"(33.9727705, -118.0863938)",SH2460275
779,Roberto Solorio,2018-08-10,28,"(1, 'Taser')",2,Lakewood,"(33.8514174, -118.1331004)",SH2461587
780,Jonathan Rojas,2018-08-12,21,"(0, '')",1,East Los Angeles,"(34.3871821, -118.1122679)",SH2461585
781,Unknown,2018-08-17,28,"(0, '')",0,Compton,"(33.9017988, -118.2000489)",SH2462080
782,Unknown,2018-08-17,22,"(0, '')",0,Compton,"(33.9017988, -118.2000489)",SH2462080
783,Joshua Smilor,2018-08-17,28,"(1, 'Gun')",1,South Los Angeles,"(33.9381994, -118.3569887)",SH2461902
784,Sergio Trejo,2018-09-19,18,"(0, '')",1,East Los Angeles,"(34.0235555, -118.1900207)",SH2464820
785,Sergio Trejo,2018-09-19,18,"(0, '')",0,East Los Angeles,"(34.0235555, -118.1900207)",SH2464820
786,Sergio Trejo,2018-09-19,39,"(1, 'Gun')",1,East Los Angeles,"(34.0235555, -118.1900207)",SH2464820
787,Jesus Sandoval,2018-09-24,18,"(1, 'Gun')",2,Compton,"(33.902579, -118.2362764)",SH2465543
788,John Strosnider,2018-09-24,42,"(1, 'Gun')",1,East Los Angeles Station,"(34.0503079, -118.1870746)",SH2464907
789,Francisco Quinones-Medina,2018-10-07,36,"(1, 'Knife')",2,Compton,"(33.9105796, -118.2094867)",SH2465847
790,Luis Cano,2018-10-27,20,"(1, 'Gun')",2,South Los Angeles,"(34.3871821, -118.1122679)",SH2467502
791,Clarence McZeal,2018-11-01,30,"(0, '')",2,Industry,"(34.026785, -118.0352069)",SH2467505
792,Parker Driscoll,2018-11-25,21,"(1, 'Folding knife')",2,Lancaster,"(34.6848354, -118.192542)",SH2469350
793,Anthony Delia,2019-02-17,32,"(1, 'Knife')",2,Lancaster,"(34.6963615, -118.137188)",19-03454-11
794,Jonathan Cufley,2019-03-14,24,"(0, '')",2,Century,"(33.9702775, -118.2226663)",SH2478178
795,Ronald Barrientos,2019-03-16,41,"(1, 'Bicycle part')",1,Palmdale,"(34.5629868, -118.0568892)",SH2485801
796,Eric Moreno,2019-03-31,17,"(0, '')",2,Special Enforcement Bureau,"(33.8883288, -118.2345589)",SH2479783
797,Eric Moreno,2019-03-31,19,"(1, 'Gun')",2,Special Enforcement Bureau,"(33.8883288, -118.2345589)",SH2479783
798,Art Hernandez,2019-05-10,24,"(1, 'Gun')",1,East Los Angeles,"(34.0086917, -118.2049338)",19-00046-31
799,Art Hernandez,2019-05-10,27,"(0, '')",2,East Los Angeles,"(34.0086917, -118.2049338)",19-00046-31
800,Jonathan Charrette,2019-05-10,37,"(0, '')",2,East Los Angeles,"(34.0086917, -118.2049338)",19-00046-31
801,Edgar Cuevas,2019-05-12,28,"(1, 'Gun')",0,Compton,"(33.9067911, -118.2070953)",SH2483294
802,Brian Ciscel,2019-05-21,44,"(1, 'Hammer')",1,Century,"(33.9307461, -118.1978187)",19-07931-21
803,Andrew Lyons,2019-06-06,24,"(0, '')",1,Century,"(33.9137373, -118.2698878)",19-08973-21
804,Michael Lee,2019-06-06,27,"(1, 'Gun')",1,South Los Angeles,"(33.9309648, -118.337472)",SH2485799
805,Grant Roth,2019-06-06,35,"(1, 'Gun')",1,Special Enforcement Bureau,"(34.1927027, -118.3371348)",SH2485902
806,Zachary Marshall,2019-06-14,35,"(1, 'BB Gun')",2,Palmdale,"(34.5036784, -117.893287)",SH2486168
807,Timothy Cho,2019-06-18,26,"(1, 'Gun')",2,Carson,"(33.8313093, -118.3040248)",SH2493251
808,Timothy Cho,2019-06-18,27,"(0, '')",2,Carson,"(33.8313093, -118.3040248)",SH2493251
809,Hector  Saavedra,2019-06-27,18,"(0, '')",1,East Los Angeles,"(34.0298052, -118.1436737)",SH2487204
810,Edwin Barajas,2019-07-03,28,"(1, 'Gun')",0,Compton,"(33.92463430000001, -118.2390083)",SH2487616
811,Ian Walker,2019-07-26,32,"(1, 'Knives and champagne bottle')",2,Lost Hills,"(34.0097516, -118.7993569)",SH2489851
812,Gregory Van Hoesen,2019-08-01,21,"(1, 'Gun')",1,South Los Angeles,"(33.9752629, -118.3340834)",SH2490361
813,Andrew Makins,2019-08-02,25,"(0, '')",2,Lakewood,"(33.91456400000001, -118.1688809)",SH2490169
814,Luis Carbajal,2019-09-02,20,"(0, '')",2,East Los Angeles,"(34.0268302, -118.1729599)",SH2492655
815,Luis Carbajal,2019-09-02,24,"(0, '')",2,East Los Angeles,"(34.0268302, -118.1729599)",SH2492655
816,Michael Miller,2019-09-12,35,"(1, 'piece of wood')",1,Santa Clarita Valley Station,"(34.4319893, -118.5879439)",SH2493696
817,Vincent Cisneros,2019-10-07,37,"(0, '')",1,Pico Rivera Station,"(33.9689656, -118.0733922)",SH2495363
818,Unknown,2019-10-23,29,"(1, 'Gun')",0,Operation Safe Streets Bureau,"(34.573708, -118.0844271)",SH2496380
819,Juan Bonilla,2019-10-24,26,"(1, 'Gun')",2,West Hollywood,"(34.1312584, -118.3856752)",SH2496704
820,Jonathan Lee,2019-10-30,62,"(1, 'Axe')",1,Lancaster,"(34.6686882, -118.0750143)",SH2502967
821,Dwight Aguayo,2019-11-13,37,"(1, 'Sword')",1,East Los Angeles,"(34.040907, -118.1762872)",19-15834-02
822,Juan Sanchez,2019-11-25,32,"(1, 'Gun')",2,East Los Angeles,"(34.0082446, -118.0998536)",SH2498761
823,Kevin Thompson,2019-12-16,25,"(1, 'Gun')",1,East Los Angeles,"(34.0322678, -118.1874218)",19-17470-02
824,Tarek Salah,2020-03-01,32,"(1, 'Replica gun')",1,Santa Clarita,"(34.4158374, -118.5513449)",SH2504902
825,Jonathon Livingston,2020-03-05,31,"(1, 'Gun')",0,Palmdale,"(34.2009763, -118.1884208)",20-03610-26
826,Collin Reddy,2020-03-05,38,"(1, 'Gun ')",2,Palmdale,"(34.2009763, -118.1884208)",20-03610-26
827,Brittany Page,2020-04-03,38,"(1, 'Hammer')",2,Court Services Bureau North - Van Nuys,"(34.1832549, -118.4469684)",20-00155-44
828,Vincent Fratianne,2020-04-19,36,"(0, '')",1,Lancaster Station,"(34.7046696, -118.1492055)",SH2507873
829,David Rodriguez,2020-05-26,18,"(1, 'Gun')",1,Operation Safe Streets Bureau,"(33.9366161, -118.2959238)",SH2510292
830,Nicholas Hernandez,2020-05-29,39,"(1, 'Replica gun')",1,Lancaster,"(34.6743902, -118.162589)",20-09658-11
831,Nicholas Carey,2020-05-30,37,"(1, 'Gun')",2,Century,"(33.930592, -118.2159887)",20-07905-21
832,Carlos Jover,2020-06-07,35,"(1, 'Knife')",1,Industry,"(34.001926, -117.92801)",SH2511293
833,Ty Shelton,2020-06-11,61,"(0, '')",1,Lancaster,"(34.7077311, -118.1418537)",SH2511478
834,Joshua Mejia,2020-06-12,38,"(1, 'Gun')",2,Palmdale,"(34.5790211, -118.0919785)",SH2511304
835,Joshua Mejia,2020-06-12,19,"(1, 'Gun')",0,Palmdale,"(34.5790211, -118.0919785)",SH2511304
836,Joshua Mejia,2020-06-12,26,"(1, 'Gun')",1,Palmdale,"(34.5790211, -118.0919785)",SH2511304
837,Unknown,2020-06-17,26,"(1, 'Gun')",1,Major Crimes Bureau,"(34.6691956, -118.1567973)",20-10705-11
838,Miguel Vega,2020-06-18,18,"(1, 'Gun ')",1,Compton,"(33.8923422, -118.2815885)",20-07557-28
839,Jonathan Alvarez,2020-06-28,31,"(0, '')",2,Transit Services Bureau,"(33.8856649, -118.3247796)",SH2512392
840,Tanner Harris,2020-07-30,56,"(0, '')",2,Lancaster,"(34.6977576, -118.1046587)",20-13251-11
841,Adam Nelson,2020-08-07,22,"(1, 'Gun')",2,Industry,"(34.0313894, -118.0083145)",20-07771-14
842,Daniel Saldivar,2020-08-22,27,"(0, '')",0,East Los Angeles,"(34.0133912, -118.1685596)",SH2516197
843,Cristian Morales,2020-08-31,29,"(0, '')",1,South Los Angeles,"(33.9366536, -118.297083)",20-07618-03
844,Adonay Molina,2020-09-10,25,"(1, '')",1,Operation Safe Streets Bureau,"(33.89170319999999, -118.2030665)",20-11174-28
845,Raymond Chavez,2020-09-23,23,"(1, 'Folding knife')",2,Court Services Bureau,"(33.9754358, -118.0326913)",SH2517670
846,Sergio Patino,2020-09-24,22,"(1, 'Gun')",2,East Los Angeles,"(34.0359226, -118.3669335)",SH2517827
847,Sergio Patino,2020-09-24,22,"(1, 'Gun')",2,East Los Angeles,"(34.0359226, -118.3669335)",SH2517827
848,Tarsicio De La Torre,2020-10-06,34,"(1, 'Glass jar')",2,Lakewood,"(33.903186, -118.1701429)",20-19024-13
849,Dalia Gonzalez,2020-10-06,38,"(1, 'Medical device')",1,South Los Angeles,"(33.8302832, -118.2919779)",20-01613-85
850,Kevin Walker,2020-10-15,47,"(0, '')",1,South Los Angeles,"(33.9382997, -118.2940063)",SH2518988
851,Adrian Ines,2020-10-16,25,"(1, 'Gun')",1,Century,"(33.9214169, -118.2319306)",SH2519110
852,Justin San Juan,2020-10-17,26,"(1, 'Gun')",0,Lancaster,"(34.6912124, -118.191852)",SH2519113
853,Bryan Cendejas,2020-10-28,18,"(1, 'Gun')",0,Norwalk,"(33.9170356, -118.0817528)",SH2520252
854,Raymond Johnson,2020-11-15,56,"(1, 'Gun')",1,South Los Angeles,"(33.9350462, -118.317779)",SH2520874
855,Ryan Goff,2020-12-06,28,"(0, '')",1,Industry,"(33.9840992, -117.903909)",SH2521959
856,Kevin Honea,2020-12-19,32,"(1, 'Gun')",1,South Los Angeles,"(33.9415994, -118.3534859)",SH2522837
857,Raul Reyes,2021-01-10,48,"(0, '')",1,Altadena,"(34.1873365, -118.1599916)",21-00071-07
858,Juan Bendezu,2021-02-12,34,"(0, '')",2,Norwalk,"(33.8982818, -118.0885033)",21-01842-04
859,Remin Pineda,2021-03-14,34,"(1, 'Knife')",1,East Los Angeles,"(34.0362855, -118.1868678)",21-03539-02
860,David Vega,2021-03-31,25,"(0, '')",2,East Los Angeles,"(33.9665541, -118.1764699)",21-04312-02
861,Daisy Rosales,2021-04-09,27,"(1, 'Gun')",2,Norwalk,"(33.9237824, -117.9941256)",21-04146-04
862,Erasto Granados,2021-04-23,Unknown,"(1, 'Knives')",2,Century,"(33.9790125, -118.2539605)",21-05414-21
863,Scott Smith,2021-04-29,64,"(1, 'Metal taped together')",1,Lancaster,"(34.596909, -117.8325303)",21-06915-11
864,Jose Nanquil,2021-05-13,21,"(1, 'Gun')",0,Industry - Special Assignment Officers Team,"(34.0336409, -117.934856)",SH2531680
865,Jose Nanquil,2021-05-13,22,"(0, '')",0,Industry - Special Assignment Officers Team,"(34.0336409, -117.934856)",SH2531680
866,Francisco Frank Gamez II,2021-06-17,38,"(0, '')",1,West Hollywood - off duty,"(34.2952224, -118.4473188)",Unknown
867,Jackie Rojas,2021-06-23,28,"(1, 'Butane lighter')",1,Norwalk,"(33.8875641, -118.105908)",21-06937-04
868,Kenneth Borbon,2021-08-11,34,"(0, '')",1,Santa Clarita,"(34.5874888, -118.715368)",21-10950-06
869,Unknown,2021-08-26,28,"(1, 'Baseball hat')",2,Operation Safe Streets Bureau,"(34.0190131, -118.217366)",21-11523-02
870,Jonathan Cufley,2021-08-30,28,"(1, 'Gun')",0,Century,"(34.0443733, -118.1732017)",SH2538692
871,Jonathan Cufley,2021-08-30,29,"(1, 'Gun')",2,Century,"(34.0443733, -118.1732017)",SH2538692
872,Larry Aguilar,2021-09-11,29,"(0, '')",2,Lancaster,"(34.5722593, -118.1254232)",21-11704-26
873,Jesus Chamorro,2021-09-22,35,"(1, 'Gun')",2,Lancaster,"(34.6893573, -118.1352186)",21-15868-11
874,Trevor Moore,2021-09-23,34,"(1, 'Gun')",1,Lancaster,"(34.8062424, -118.1537784)",21-15897-11
875,Blake Corrigan,2021-09-30,43,"(1, 'Gun')",2,South Los Angeles,"(33.961488, -118.2822176)",21-07807-03
876,Rudy Hernandez,2021-10-03,32,"(1, 'Gun')",1,Santa Clarita,"(34.3721009, -118.570025)",21-13593-06
877,Chase Morales,2021-10-05,35,"(1, 'Gun')",1,Century,"(33.928135, -118.2526927)",21-13354-21
878,Frank Parga,2021-10-10,18,"(1, 'Gun')",1,Pico Rivera,"(34.0003366, -118.0685825)",21-05801-15
879,Yen Liu,2021-10-19,25,"(1, 'Gun')",2,Temple,"(34.052263, -118.090087)",21-10833-05
880,Unknown,2021-10-21,24,"(1, 'Gun')",0,Narcotics Bureau,"(34.0150783, -118.1359752)",SH2542156
881,Jacob Dominguez,2021-11-12,40,"(1, 'Folding knife')",2,East Los Angeles,"(34.0181831, -118.1477657)",21-15192-02
882,Michael Thompson,2021-11-12,32,"(0, '')",2,Santa Clarita,"(34.4401336, -118.2957846)",21-15456-06
883,Jacob Dominguez,2021-11-12,25,"(0, '')",1,East Los Angeles,"(34.0181831, -118.1477657)",21-15192-02
884,Alfonso Valenzuela,2021-11-21,28,"(1, 'Gun')",1,Transit Services Bureau,"(33.9232816, -118.2353998)",21-01549-60
885,Joshua Corrales,2021-12-15,23,"(1, 'Gun')",2,Special Enforcement Bureau,"(33.9190513, -118.0548129)",21-13466-04
886,Aaron Agajanian,2021-12-18,32,"(1, 'Gun')",2,Norwalk,"(33.9467577, -118.1034922)",21-13600-04
887,Jose Ramirez,2021-12-29,26,"(1, 'Gun, Knife')",2,Carson,"(33.8389648, -118.2215746)",21-12504-16
888,Adrian Ines,2022-01-24,29,"(1, 'Gun')",2,Century,"(33.9625604, -118.2279386)",22-01199-21
889,Luis Valle,2022-02-15,40,"(1, 'Knife')",1,Santa Clarita,"(34.3871821, -118.1122679)",22-02322-06
890,Unknown,2022-02-17,29,"(1, 'Gun')",2,Operation Safe Streets Bureau,"(33.9061663, -118.0752209)",22-01832-04
891,Unknown,2022-02-17,67,"(0, '')",1,Operation Safe Streets Bureau,"(33.9061663, -118.0752209)",22-01832-04
892,Sergio Campos,2022-02-23,24,"(0, '')",2,Norwalk,"(33.9204373, -118.0213188)",22-02016-04
893,Sergio Campos,2022-02-23,21,"(0, '')",2,Norwalk,"(33.9204373, -118.0213188)",22-02016-04
894,Sergio Campos,2022-02-23,20,"(1, 'Gun')",2,Norwalk,"(33.9204373, -118.0213188)",22-02016-04
895,Erin Herring,2022-03-03,32,"(1, 'Garden tool')",1,Lakewood,"(33.8746802, -118.1513009)",22-04000-13
896,Chad Melton,2022-03-13,26,"(1, 'Gun')",1,Palmdale,"(34.56709, -118.0064939)",22-03330-26
897,Ernest Magana,2022-04-01,56,"(1, 'Screwdriver')",2,Industry,"(34.0133477, -117.9966299)",22-03580-14
898,Juan Lopez,2022-05-24,33,"(1, 'Gun')",1,Transit Services Bureau,"(34.0277994, -118.1697128)",22-80007-68
899,Danny Soto,2022-06-05,51,"(1, 'Knife, pistol grip crossbow')",1,Lancaster,"(34.6898983, -118.1638779)",22-09621-11
900,Jaime Gallegos,2022-08-16,42,"(1, 'Gun')",2,Compton,"(33.892858, -118.2786981)",22-10756-28
901,Raymond Romero Soto,2022-08-31,41,"(1, 'Machete')",1,Century,"(33.9538791, -118.2430536)",22-13318-21
902,Justin Sabatine,2022-09-02,41,"(1, 'Gun')",1,South Los Angeles,"(33.9382231, -118.3090478)",22-07453-03
903,Michael Alburez,2022-09-05,18,"(1, 'Gun')",2,Lancaster,"(34.6914718, -118.1353548)",22-15398-11
904,Joseph Welch,2022-09-21,67,"(1, 'Airsoft gun')",2,Century,"(33.9294959, -118.2462691)",22-14389-21
905,Adonay Molina,2022-11-03,46,"(1, 'Hatchet')",1,Compton,"(33.8781056, -118.2207252)",22-14323-28
906,Carlos Martinez,2022-11-16,40,"(1, 'Knives')",1,Santa Clarita,"(34.4266018, -118.5588922)",22-16247-06
907,Ernesto Valencia,2022-11-26,25,"(1, 'Wrench')",2,San Dimas,"(34.0958872, -117.9253911)",22-05647-08
908,Robert Maas,2022-12-21,24,"(1, 'Gun')",1,Special Enforcement Bureau,"(34.7043052, -118.0859635)",22-21667-11
909,Erving Francois,2022-12-22,61,"(1, 'Gun')",1,Special Enforcement Bureau,"(33.9001107, -118.3091591)",22-00116-31
910,Adam Carreon,2023-01-08,44,"(1, 'Knife')",1,Palmdale,"(34.6029407, -118.385921)",023-00373-2654-013
911,Lorena Gonzalez,2023-01-11,50,"(0, '')",1,Santa Clarita,"(34.4127462, -118.5547791)",023-00463-0608-013
912,Eliezer Morales,2023-01-22,47,"(1, 'Scissors')",1,Altadena,"(34.0860517, -118.1782728)",023-00208-0772-013
913,Edward Martinez,2023-01-26,70,"(1, 'Gun')",1,Operation Safe Streets Bureau,"(33.9834787, -118.1870573)",023-01205-0250-013
914,Edwin Barajas,2023-01-31,36,"(1, 'Gun')",2,Operation Safe Streets Bureau,"(33.8937976, -118.2601603)",023-01400-2873-055
915,Blake Runge,2023-02-10,,"(1, 'Sword')",1,Palmdale,"(34.3871821, -118.1122679)",023-02034-2608-013
